Brand,Perfume Title,Volume (ML),Concentration,Prix Gros (DZD),Min Retail Price (DZD),Max Retail Price (DZD),Max Margin
ENCENS,ENCENS MYTHIQUE EDP 125ML,125ML,EDP,"19,200 DZD",25000 DZD,28000 DZD,8800
GUERLAIN,GUERLAIN EPICES EXQUISES EDP 125ML,125ML,EDP,"19,200 DZD",26500 DZD,"28,000 DZD",8800
EMPORIO ARMANI,EMPORIO ARMANI STRONGER WITH YOU POWERFULLY EDP 100ML,100ML,EDP,"20,200 DZD",22900 DZD,"28,500 DZD",8300
DIOR,DIOR HOMME PARFUM 125ML,125ML,PARFUM,"35,000 DZD","6,262 DZD","42,500 DZD",7500
GUERLAIN,GUERLAIN PATCHOULI ARDEN EDP 125ML,125ML,EDP,"20,500 DZD",26500 DZD,27500 DZD,7000
DIOR,DIOR SAUVAGE ELEXIR EDP 100ML,100ML,ELIXIR,"39,500 DZD","6,262 DZD","46,500 DZD",7000
HUGO BOSS,HUGO BOSS SUPERMAN EDP 125ML,125ML,EDP,"9,500 DZD",N/A,"16,500 DZD",7000
CLINIQUE HAPPY,CLINIQUE HAPPY COLOGNE FOR MEN EDT 100ML,100ML,EDT,"5,800 DZD",9000 DZD,"12,800 DZD",7000
AZZARO,AZZARO WANTED BY NIGHT EDP 100ML,100ML,EDP,"13,800 DZD",18500 DZD,20500 DZD,6700
ABSOLUS ALLEGORIA,ABSOLUS ALLEGORIA SANTAL ROYAL 125ML,125ML,,"21,000 DZD",26500 DZD,27500 DZD,6500
DIOR,DIOR COLOGNE HOMME EDC 200ML,200ML,EDC,"33,000 DZD",N/A,"39,500 DZD",6500
DIOR,DIOR HOMME INTENSE EDP 150ML,150ML,EDP,"31,000 DZD","6,262 DZD","37,500 DZD",6500
DIOR,DIOR HOMME SPORT EDT 200ML,200ML,EDT,"33,000 DZD","39,000 DZD","39,500 DZD",6500
ANTONIO BANDERAS,ANTONIO BANDERAS BLUE SEDUCTION EDT 200ML,200ML,EDT,"5,400 DZD",N/A,"11,800 DZD",6400
PRADA,PRADA PARADIGME EDP 100ML,100ML,EDP,"22,200 DZD","28,000 DZD",28500 DZD,6300
YVES SAINT LAURENT,YVES SAINT LAURENT LA NUIT DE L'HOMME EDT 100ML,100ML,EDT,"15,800 DZD",19800 DZD,"22,000 DZD",6200
HUGO BOSS,HUGO BOSS XY EDT 100ML,100ML,EDT,"7,200 DZD",12500 DZD,13200 DZD,6000
DOLCE GABBANA,DOLCE GABBANA KING EDP 100 ML,100ML,EDP,"14,000 DZD","14,500 DZD","19,800 DZD",5800
JEAN PAUL GAULTIER,JEAN PAUL GAULTIER SCANDALE PARFUM 150ML,150ML,PARFUM,"24,200 DZD","6,262 DZD","29,900 DZD",5700
AZZARO,AZZARO THE MOST WANTED EDP 100ML,100ML,EDP,"13,200 DZD","6,000 DZD","18,800 DZD",5600
GIVENCHY,GIVENCHY BLUE LABEL EDT 100ML,100ML,EDT,"11,500 DZD",14500 DZD,17000 DZD,5500
AZZARO,AZZARO THE MOST WANTED PARFUM 100ML,100ML,PARFUM,"14,500 DZD","6,000 DZD","20,000 DZD",5500
JEAN PAUL GAULTIER,JEAN PAUL GAULTIER LE MALE EDT 125ML,125ML,EDT,"16,200 DZD","5,000 DZD","21,500 DZD",5300
ABSOLUS ALLEGORIA,ABSOLUS ALLEGORIA OUD ESSENTIEL EDP 125ML,125ML,EDP,"21,800 DZD",26500 DZD,27000 DZD,5200
HUGO BOSS,HUGO BOSS BOSS BOTTLED NIGHT EDT 100ML,100ML,EDT,"8,800 DZD",13500 DZD,14000 DZD,5200
YVES SAINT LAURENT,YVES SAINT LAURENT L'HOMME EDT 100ML,100ML,EDT,"15,800 DZD",19800 DZD,21000 DZD,5200
CK,CK IN2U EDT 150ML,150ML,EDT,"6,000 DZD",10000 DZD,11200 DZD,5200
SPICE BOMP,SPICE BOMP DARK LEATHER EDP 90ML,90ML,EDP,"18,400 DZD",N/A,"23,500 DZD",5100
MONT BLANC,MONT BLANC EXPLORER EDP 100ML,100ML,EDP,"10,500 DZD",15500 DZD,15500 DZD,5000
BOUCHERON,BOUCHERON SINGULIER EDP 100 ML,100ML,EDP,"8,600 DZD","12,000 DZD","13,500 DZD",4900
JOOP,JOOP HOMME EDT 125ML,125ML,EDT,"6,600 DZD",8500 DZD,11500 DZD,4900
ABSOLUS ALLEGORIA,ABSOLUS ALLEGORIA EPICES EXQUISES EDP 125ML,125ML,EDP,"21,800 DZD","26,000 DZD","26,500 DZD",4700
YVES SAINT LAURENT,YVES SAINT LAURENT KOUROS EDT 100ML,100ML,EDT,"13,800 DZD",16900 DZD,18500 DZD,4700
CAROLINA HERRERA,CAROLINA HERRERA CHIC HOMME EDT 100ML,100ML,EDT,"10,800 DZD",14500 DZD,15500 DZD,4700
LACOSTE,LACOSTE L.12.12 NOIR EDT 100ML,100ML,,"9,800 DZD","11,900DZD","14,500 DZD",4700
DIOR,DIOR SAUVAGE EDT 100ML,100ML,EDT,"20,500 DZD","6,262 DZD","25,000 DZD",4500
L'INSTANT,L'INSTANT HOMME EDP 100ML,100ML,EDP,"15,400 DZD","16,500 DZD","19,900 DZD",4500
HERMES,HERMES H24 EDT 100ML,100ML,EDT,"12,800 DZD","6,262 DZD","17,200 DZD",4400
KENZO,KENZO INTENSE EDT 100ML,100ML,EDT,"12,500 DZD","24,000 DZD",16800 DZD,4300
CHOPARD,CHOPARD OUD MALAKI EDP 80ML,80ML,EDP,"12,200 DZD",N/A,"16,500 DZD",4300
CK,CK ONE EDT 200ML,200ML,EDT,"8,200 DZD","11,500 DZD","12,500 DZD",4300
GUERLAIN,GUERLAIN L'HOMME IDEAL EXTREME EDP 100ML,100ML,EDP,"15,200 DZD",N/A,"19,500 DZD",4300
YVES SAINT LAURENT,YVES SAINT LAURENT Y EDT 100ML,100ML,EDT,"15,500 DZD","19,500 DZD","19,800 DZD",4300
AZZARO,AZZARO THE MOST WANTED EDT 100ML,100ML,EDT,"11,600 DZD",N/A,"15,900 DZD",4300
YVES SAINT LAURENT,YVES SAINT LAURENT MY SLF EDP 100ML,100ML,EDP,"20,800 DZD","6,262 DZD","25,000 DZD",4200
HABIT,HABIT ROUGE EDP 100ML,100ML,EDP,"15,800 DZD","6,262 DZD","19,900 DZD",4100
GUERLAIN,GUERLAIN L'HOMME IDEAL INTENSE EDP 100ML,100ML,EDP,"15,500 DZD",N/A,"19,500 DZD",4000
LAURA BIAGIOTTI,LAURA BIAGIOTTI ROMA UOMO EDT 125ML,125ML,EDT,"9,200 DZD",N/A,"13,200 DZD",4000
EMPORIO ARMANI,EMPORIO ARMANI STRONGER WITH YOU INTENSELY EDP 100ML,100ML,EDP,"18,600 DZD",22000 DZD,"22,500 DZD",3900
CHOPARD,CHOPARD BLACK INCENCE MALAKIE EDP 80ML,80ML,EDP,"12,800 DZD",N/A,16500 DZD,3700
HUGO BOSS,HUGO BOSS JUST DIFFRENT EDT 75ML,75ML,EDT,"6,400 DZD","6,262 DZD","9,500 DZD",3100
SPICE BOMP,SPICE BOMP INFRARED EDP 90ML,90ML,EDP,"16,800 DZD","17,500 DZD","19,800 DZD",3000
SPICE BOMP,SPICE BOMP EDT 90ML,90ML,EDT,"14,800 DZD",N/A,"17,500 DZD",2700
YVES SAINT LAURENT,YVES SAINT LAURENT Y INTENSE EDP 100ML,100ML,EDP,"22,500 DZD",23500 DZD,24800 DZD,2300