Perfume Name,Shoppili Dz,Smell Good Dz,Briki Parfums,Pafen Dz,Gallery Parfums Dz,Odorem Dz,Min Price (DZD),Max Price (DZD),Stores Count
30ML Kenzo Homme EDT Intense,N/A,"6,300 DZD",N/A,N/A,N/A,N/A,"6,300 DZD","6,300 DZD",1
9PM Elixir بديل Le Mal Elixir,N/A,N/A,N/A,N/A,N/A,N/A,N/A,N/A,0
ABSOLUS ALLEGORIA EPICES EXQUISES EDP 125ML,N/A,N/A,N/A,N/A,N/A,N/A,N/A,N/A,0
ABSOLUS ALLEGORIA OUD ESSENTIEL EDP 125ML,N/A,N/A,N/A,N/A,N/A,N/A,N/A,N/A,0
ABSOLUS ALLEGORIA SANTAL ROYAL 125ML,N/A,N/A,N/A,N/A,N/A,N/A,N/A,N/A,0
ANTONIO BANDERAS BLUE SEDUCTION EDT 200ML,N/A,"1,200 DZD | 2,400 DZD | 3,600 DZD | 4,800 DZD | 6,000 DZD | 9,000 DZD | 9,500 DZD | 13,000 DZD | 13,500 DZD","7,500 DZD",N/A,N/A,"10,800 DZD | 11,800 DZD","1,200 DZD","13,500 DZD",3
AZZARO THE MOST WANTED EDP 100ML,N/A,"2,500 DZD | 5,000 DZD | 6,000 DZD | 7,500 DZD | 10,000 DZD | 12,500 DZD | 21,500 DZD | 22,000 DZD | 26,000 DZD | 26,500 DZD","16,500 DZD | 19,500 DZD | 20,500 DZD | 22,500 DZD",N/A,N/A,"6,000 DZD | 18,800 DZD | 20,500 DZD","2,500 DZD","26,500 DZD",3
AZZARO THE MOST WANTED EDT 100ML,N/A,"2,500 DZD | 5,000 DZD | 6,000 DZD | 7,500 DZD | 10,000 DZD | 12,500 DZD | 21,500 DZD | 22,000 DZD | 26,000 DZD | 26,500 DZD","16,500 DZD | 19,500 DZD | 20,500 DZD | 22,500 DZD",N/A,N/A,"6,000 DZD | 18,800 DZD | 20,500 DZD","2,500 DZD","26,500 DZD",3
AZZARO THE MOST WANTED PARFUM 100ML,N/A,"2,500 DZD | 5,000 DZD | 6,000 DZD | 7,500 DZD | 10,000 DZD | 12,500 DZD | 21,500 DZD | 22,000 DZD | 26,000 DZD | 26,500 DZD","16,500 DZD | 19,500 DZD | 20,500 DZD | 22,500 DZD",N/A,N/A,"6,000 DZD | 18,800 DZD | 20,500 DZD","2,500 DZD","26,500 DZD",3
AZZARO WANTED BY NIGHT EDP 100ML,N/A,"22,000 DZD","19,500 DZD",N/A,N/A,N/A,"19,500 DZD","22,000 DZD",2
Addict Blue Assaf 125ML,N/A,N/A,N/A,N/A,N/A,N/A,N/A,N/A,0
Akdeniz Unique'e Luxury,N/A,N/A,"42,500 DZD",N/A,N/A,N/A,"42,500 DZD","42,500 DZD",1
Antonio Banderas Blue Seduction 200ml,N/A,"1,200 DZD | 2,400 DZD | 3,600 DZD | 4,800 DZD | 6,000 DZD | 9,000 DZD | 9,500 DZD | 13,000 DZD | 13,500 DZD","7,500 DZD",N/A,N/A,"10,800 DZD | 11,800 DZD","1,200 DZD","13,500 DZD",3
Aquatica Rayhaan بديل Virgin Island Water Creed,N/A,N/A,N/A,N/A,N/A,N/A,N/A,N/A,0
Armaf infinity black بديل L'Homme Ultime Yves Saint Laurent,N/A,N/A,N/A,N/A,N/A,N/A,N/A,N/A,0
Arrogate Pink by Assaf 200ML,N/A,N/A,N/A,N/A,N/A,N/A,N/A,N/A,0
Atlantis Extrait - French Avenue,N/A,N/A,N/A,N/A,N/A,N/A,N/A,N/A,0
Aura by Assaf 150ML بديل Hacivat Nishane,N/A,N/A,N/A,N/A,N/A,N/A,N/A,N/A,0
Azzaro Sport EDT 100ML,N/A,"11,500 DZD","7,500 DZD | 11,500 DZD",N/A,N/A,"9,900 DZD | 10,500 DZD","7,500 DZD","11,500 DZD",3
Azzaro The most wanted 100ml edp intense,N/A,N/A,"16,500 DZD | 19,500 DZD | 20,500 DZD | 22,500 DZD",N/A,N/A,"6,000 DZD | 18,800 DZD | 20,500 DZD","6,000 DZD","22,500 DZD",2
Azzaro Wanted by Night,N/A,"22,000 DZD","16,500 DZD | 19,500 DZD",N/A,N/A,N/A,"16,500 DZD","22,000 DZD",2
BDK Gris Charnel Extrait de Parfum 100ML,N/A,"60,000 DZD","45,000 DZD | 62,000 DZD",N/A,N/A,"49,000 DZD | 53,000 DZD","45,000 DZD","62,000 DZD",3
BOUCHERON SINGULIER EDP 100 ML,N/A,N/A,"12,800 DZD | 15,500 DZD",N/A,N/A,N/A,"12,800 DZD","15,500 DZD",1
Bentley silverlack 100ml EDP,N/A,N/A,N/A,N/A,N/A,N/A,N/A,N/A,0
Bleu de Chanel Eau de Parfum Chanel,N/A,"3,300 DZD | 3,800 DZD | 6,600 DZD | 7,600 DZD | 9,900 DZD | 11,400 DZD | 13,200 DZD | 15,000 DZD | 15,200 DZD | 16,500 DZD | 19,000 DZD | 24,000 DZD | 30,000 DZD | 31,000 DZD | 36,000 DZD | 36,500 DZD | 37,000 DZD | 41,500 DZD | 43,000 DZD | 47,000 DZD | 50,000 DZD | 65,000 DZD","12,500 DZD | 13,500 DZD | 18,500 DZD | 19,500 DZD | 23,500 DZD | 24,500 DZD | 42,500 DZD",N/A,N/A,"13,000 DZD | 14,000 DZD | 27,400 DZD | 34,500 DZD | 36,000 DZD | 38,000 DZD | 42,500 DZD | 46,000 DZD | 49,500 DZD | 63,500 DZD","3,300 DZD","65,000 DZD",3
Blue Seduction Antonio Banderas 200ML,N/A,"1,200 DZD | 2,400 DZD | 3,600 DZD | 4,800 DZD | 6,000 DZD | 9,000 DZD | 9,500 DZD | 13,000 DZD | 13,500 DZD","7,500 DZD",N/A,N/A,"10,800 DZD | 11,800 DZD","1,200 DZD","13,500 DZD",3
Bois Imperial 30 ML,N/A,N/A,N/A,N/A,"4,300 DZD | 4,600 DZD | 7,200 DZD | 7,900 DZD | 13,900 DZD | 28,500 DZD | 29,800 DZD | 30,800 DZD",N/A,"4,300 DZD","30,800 DZD",1
Bois impérial 100ml EDP,N/A,"3,400 DZD | 6,800 DZD | 10,200 DZD | 18,000 DZD | 31,500 DZD","29,500 DZD | 32,500 DZD",N/A,"9,600 DZD | 9,800 DZD | 32,800 DZD","31,000 DZD | 32,500 DZD | 33,000 DZD","3,400 DZD","33,000 DZD",4
CAROLINA HERRERA CHIC HOMME EDT 100ML,N/A,"16,000 DZD","6,200 DZD | 9,000 DZD | 11,500 DZD | 14,500 DZD | 16,500 DZD | 17,500 DZD | 18,000 DZD | 18,500 DZD | 21,500 DZD",N/A,"15,600 DZD | 24,600 DZD",N/A,"6,200 DZD","24,600 DZD",3
CHOPARD BLACK INCENCE MALAKIE EDP 80ML,N/A,N/A,N/A,N/A,"21,600 DZD",N/A,"21,600 DZD","21,600 DZD",1
CHOPARD OUD MALAKI EDP 80ML,N/A,N/A,"16,500 DZD",N/A,"21,600 DZD","15,200 DZD","15,200 DZD","21,600 DZD",3
CK IN2U EDT 150ML,N/A,"1,200 DZD | 2,400 DZD | 3,600 DZD | 4,800 DZD | 6,000 DZD | 11,500 DZD","8,000 DZD",N/A,"12,900 DZD","11,200 DZD","1,200 DZD","12,900 DZD",4
CK ONE EDT 200ML,N/A,"1,300 DZD | 2,600 DZD | 3,500 DZD | 3,900 DZD | 5,000 DZD | 5,200 DZD | 6,500 DZD | 10,500 DZD | 13,500 DZD","4,500 DZD | 7,500 DZD | 9,500 DZD | 9,800 DZD | 11,500 DZD | 16,500 DZD",N/A,"106,000,012,600,001,060,000,126 DZD","4,800 DZD | 9,200 DZD | 9,900 DZD | 10,000 DZD | 10,500 DZD | 11,000 DZD | 12,200 DZD | 12,500 DZD | 15,800 DZD","1,300 DZD","106,000,012,600,001,060,000,126 DZD",4
CLINIQUE HAPPY COLOGNE FOR MEN EDT 100ML,N/A,N/A,"21,000 DZD",N/A,N/A,N/A,"21,000 DZD","21,000 DZD",1
Checkmate King بديل Scanal absolu,N/A,N/A,N/A,N/A,N/A,N/A,N/A,N/A,0
Chrome Legend Azzaro EDT 125ML,N/A,"1,500 DZD | 3,000 DZD | 4,500 DZD | 6,000 DZD | 7,500 DZD | 9,000 DZD | 13,000 DZD",N/A,N/A,N/A,N/A,"1,500 DZD","13,000 DZD",1
Clinique Happy EDT 100ML,N/A,"3,500 DZD | 12,500 DZD","1,800 DZD | 9,000 DZD | 11,000 DZD | 21,000 DZD",N/A,N/A,N/A,"1,800 DZD","21,000 DZD",2
Club De Nuit Precieux 1 Extrait De Parfum 55ml,N/A,N/A,N/A,N/A,N/A,N/A,N/A,N/A,0
Coffret 3PCS Supremacy EDP Homme Afnan,N/A,N/A,N/A,N/A,N/A,N/A,N/A,N/A,0
D&G KING EDP INTENS 100ML,N/A,N/A,N/A,N/A,N/A,N/A,N/A,N/A,0
D&G Light Blue EDP Intense 100ML,N/A,"2,500 DZD | 2,600 DZD | 5,000 DZD | 5,200 DZD | 7,500 DZD | 7,800 DZD | 10,000 DZD | 10,400 DZD | 12,500 DZD | 13,000 DZD | 18,000 DZD | 23,000 DZD | 24,000 DZD | 31,000 DZD","15,500 DZD | 17,500 DZD | 18,500 DZD | 19,800 DZD",N/A,N/A,"18,800 DZD | 29,900 DZD","2,500 DZD","31,000 DZD",3
DIOR COLOGNE HOMME EDC 200ML,N/A,"2,700 DZD | 5,400 DZD | 8,100 DZD | 10,800 DZD | 13,500 DZD | 25,000 DZD | 30,000 DZD | 40,000 DZD","19,500 DZD",N/A,N/A,"29,800 DZD | 45,000,004,500,000,400,000,040,000 DZD","2,700 DZD","45,000,004,500,000,400,000,040,000 DZD",3
DIOR HOMME INTENSE EDP 150ML,N/A,"3,400 DZD | 6,800 DZD | 10,200 DZD | 13,600 DZD | 17,000 DZD | 25,000 DZD | 27,000 DZD | 31,000 DZD | 33,000 DZD | 38,500 DZD | 41,000 DZD","29,500 DZD | 38,500 DZD",N/A,N/A,"29,500 DZD | 30,800 DZD | 36,500 DZD | 37,500 DZD","3,400 DZD","41,000 DZD",3
DIOR HOMME PARFUM 125ML,N/A,"2,500 DZD | 2,700 DZD | 2,800 DZD | 3,200 DZD | 3,300 DZD | 3,400 DZD | 3,800 DZD | 4,800 DZD | 5,000 DZD | 5,400 DZD | 5,600 DZD | 6,400 DZD | 6,600 DZD | 6,800 DZD | 7,100 DZD | 7,500 DZD | 7,600 DZD | 8,100 DZD | 8,400 DZD | 9,600 DZD | 9,900 DZD | 10,000 DZD | 10,200 DZD | 10,800 DZD | 11,200 DZD | 11,400 DZD | 12,500 DZD | 12,800 DZD | 13,200 DZD | 13,500 DZD | 13,600 DZD | 14,000 DZD | 14,200 DZD | 14,400 DZD | 14,500 DZD | 15,200 DZD | 16,000 DZD | 16,200 DZD | 16,500 DZD | 17,000 DZD | 19,000 DZD | 19,200 DZD | 20,500 DZD | 21,000 DZD | 21,300 DZD | 21,600 DZD | 23,000 DZD | 23,500 DZD | 24,000 DZD | 24,500 DZD | 25,000 DZD | 25,500 DZD | 26,000 DZD | 27,000 DZD | 28,000 DZD | 28,400 DZD | 29,000 DZD | 29,500 DZD | 30,000 DZD | 31,000 DZD | 32,500 DZD | 33,000 DZD | 35,000 DZD | 35,500 DZD | 36,000 DZD | 37,000 DZD | 38,000 DZD | 38,500 DZD | 40,000 DZD | 41,000 DZD | 42,500 DZD | 45,000 DZD | 46,000 DZD | 50,000 DZD | 55,000 DZD | 65,000 DZD | 68,000 DZD | 70,000 DZD | 74,000 DZD | 76,000 DZD | 89,000 DZD | 110,000 DZD","28,000 DZD | 28,500 DZD | 33,500 DZD | 36,500 DZD | 38,500 DZD | 42,500 DZD | 78,000 DZD | 115,000 DZD",N/A,N/A,"4,000 DZD | 12,000 DZD | 12,500 DZD | 13,500 DZD | 16,000 DZD | 22,000 DZD | 24,000 DZD | 27,800 DZD | 29,000 DZD | 29,500 DZD | 29,800 DZD | 30,500 DZD | 31,800 DZD | 33,500 DZD | 34,000 DZD | 34,700 DZD | 35,000 DZD | 36,500 DZD | 39,000 DZD | 42,500 DZD | 61,000 DZD | 63,000 DZD | 75,000 DZD | 92,000 DZD | 94,000 DZD | 97,000 DZD | 45,000,004,500,000,400,000,040,000 DZD","2,500 DZD","45,000,004,500,000,400,000,040,000 DZD",3
DIOR HOMME SPORT EDT 200ML,N/A,"23,000 DZD | 28,000 DZD | 40,000 DZD","29,500 DZD",N/A,N/A,"27,700 DZD | 39,000 DZD","23,000 DZD","40,000 DZD",3
DIOR SAUVAGE EDT 100ML,N/A,"2,500 DZD | 2,800 DZD | 3,200 DZD | 3,300 DZD | 4,800 DZD | 5,000 DZD | 5,600 DZD | 6,400 DZD | 6,600 DZD | 7,500 DZD | 8,400 DZD | 9,600 DZD | 9,900 DZD | 10,000 DZD | 11,200 DZD | 12,500 DZD | 12,800 DZD | 13,200 DZD | 14,000 DZD | 14,400 DZD | 16,000 DZD | 16,500 DZD | 19,200 DZD | 21,000 DZD | 24,000 DZD | 25,000 DZD | 26,000 DZD | 28,000 DZD | 29,000 DZD | 32,500 DZD | 35,000 DZD | 38,000 DZD | 40,000 DZD | 45,000 DZD | 46,000 DZD | 50,000 DZD | 65,000 DZD","12,500 DZD | 17,500 DZD | 25,500 DZD | 28,500 DZD | 31,500 DZD | 37,500 DZD",N/A,N/A,"12,000 DZD | 12,500 DZD | 27,800 DZD | 29,000 DZD | 61,000 DZD","2,500 DZD","65,000 DZD",3
DIOR SAUVAGE ELEXIR EDP 100ML,N/A,N/A,N/A,N/A,N/A,N/A,N/A,N/A,0
DOLCE GABBANA KING EDP 100 ML,N/A,"2,200 DZD | 4,400 DZD | 6,600 DZD | 8,800 DZD | 11,000 DZD | 14,000 DZD | 17,000 DZD | 18,000 DZD | 21,000 DZD | 22,000 DZD | 22,500 DZD | 25,500 DZD | 29,000 DZD | 31,500 DZD",N/A,N/A,"18,600 DZD",N/A,"2,200 DZD","31,500 DZD",2
Daring Blue For Life بديل Light Blue Forever D&G,N/A,N/A,N/A,N/A,N/A,N/A,N/A,N/A,0
Davidoff Cool Elixir,N/A,N/A,N/A,N/A,N/A,N/A,N/A,N/A,0
Dior Homme intense 100ml EDP,N/A,"3,400 DZD | 6,800 DZD | 10,200 DZD | 13,600 DZD | 17,000 DZD | 25,000 DZD | 27,000 DZD | 31,000 DZD | 33,000 DZD | 38,500 DZD | 41,000 DZD","29,500 DZD | 38,500 DZD",N/A,N/A,"29,500 DZD | 30,800 DZD | 36,500 DZD | 37,500 DZD","3,400 DZD","41,000 DZD",3
Dior Homme intense 50ml EDP,N/A,"3,400 DZD | 6,800 DZD | 10,200 DZD | 13,600 DZD | 17,000 DZD | 25,000 DZD | 27,000 DZD | 31,000 DZD | 33,000 DZD | 38,500 DZD | 41,000 DZD","29,500 DZD | 38,500 DZD",N/A,N/A,"29,500 DZD | 30,800 DZD | 36,500 DZD | 37,500 DZD","3,400 DZD","41,000 DZD",3
Dynasty Lattafa بديل L Red Tea Vetiver Clive Christian,N/A,N/A,N/A,N/A,N/A,N/A,N/A,N/A,0
Déclaration Cartier 150ml edt,N/A,"2,500 DZD | 5,000 DZD | 7,500 DZD | 10,000 DZD | 12,500 DZD | 18,000 DZD | 22,500 DZD | 25,000 DZD | 25,500 DZD | 28,500 DZD | 33,500 DZD","17,500 DZD | 21,500 DZD | 22,500 DZD | 26,500 DZD",N/A,N/A,"13,800 DZD | 17,500 DZD | 19,000 DZD | 23,000 DZD | 24,500 DZD | 28,300 DZD","2,500 DZD","33,500 DZD",3
EMPORIO ARMANI STRONGER WITH YOU INTENSELY EDP 100ML,N/A,"2,700 DZD | 5,400 DZD | 8,100 DZD | 20,000 DZD | 22,500 DZD | 24,000 DZD | 30,000 DZD","19,500 DZD | 22,000 DZD | 24,500 DZD | 26,500 DZD",N/A,N/A,N/A,"2,700 DZD","30,000 DZD",2
EMPORIO ARMANI STRONGER WITH YOU POWERFULLY EDP 100ML,N/A,"28,500 DZD","19,500 DZD | 22,000 DZD | 24,500 DZD | 26,500 DZD",N/A,N/A,N/A,"19,500 DZD","28,500 DZD",2
ENCENS MYTHIQUE EDP 125ML,N/A,"28,000 DZD","26,500 DZD",N/A,N/A,N/A,"26,500 DZD","28,000 DZD",2
El Dorado Extrait,N/A,N/A,N/A,N/A,N/A,N/A,N/A,N/A,0
Erba Pura Xerjoff,N/A,"2,900 DZD | 5,800 DZD | 11,600 DZD | 17,400 DZD | 52,000 DZD","49,500 DZD",N/A,"11,400 DZD | 349,000,055,900,003,490,000,559 DZD","12,500 DZD | 50,000 DZD","2,900 DZD","349,000,055,900,003,490,000,559 DZD",4
Eros 100ML Eau De Parfum,N/A,"2,300 DZD | 4,600 DZD | 6,900 DZD | 14,000 DZD | 18,000 DZD | 19,500 DZD | 20,000 DZD | 21,000 DZD | 22,500 DZD | 23,000 DZD | 25,000 DZD | 28,000 DZD","16,500 DZD | 18,500 DZD | 21,500 DZD | 22,500 DZD | 24,500 DZD",N/A,"18,600 DZD | 20,600 DZD | 22,900 DZD | 126,000,023,900,001,260,000,239 DZD | 184,000,024,600,001,840,000,246 DZD","18,800 DZD | 19,500 DZD | 21,500 DZD | 23,500 DZD | 23,800 DZD | 26,000 DZD | 26,500 DZD","2,300 DZD","184,000,024,600,001,840,000,246 DZD",4
Eros 200ML Le Parfum,N/A,"2,300 DZD | 4,600 DZD | 6,900 DZD | 14,000 DZD | 18,000 DZD | 19,500 DZD | 20,000 DZD | 21,000 DZD | 22,500 DZD | 23,000 DZD | 25,000 DZD | 28,000 DZD",N/A,N/A,"18,600 DZD | 20,600 DZD | 22,900 DZD | 126,000,023,900,001,260,000,239 DZD | 184,000,024,600,001,840,000,246 DZD","18,800 DZD | 19,500 DZD | 21,500 DZD | 23,500 DZD | 23,800 DZD | 26,000 DZD | 26,500 DZD","2,300 DZD","184,000,024,600,001,840,000,246 DZD",3
Frankel Black Elixir 200ML,N/A,N/A,N/A,N/A,N/A,N/A,N/A,N/A,0
Freeze riiffs,N/A,N/A,N/A,N/A,N/A,N/A,N/A,N/A,0
French Tobacco بديل Imagination LV 200ML,N/A,N/A,N/A,N/A,N/A,N/A,N/A,N/A,0
GIVENCHY BLUE LABEL EDT 100ML,N/A,"15,500 DZD | 17,000 DZD",N/A,N/A,N/A,N/A,"15,500 DZD","17,000 DZD",1
GUERLAIN EPICES EXQUISES EDP 125ML,N/A,"28,000 DZD",N/A,N/A,N/A,N/A,"28,000 DZD","28,000 DZD",1
GUERLAIN L'HOMME IDEAL EXTREME EDP 100ML,N/A,N/A,N/A,N/A,N/A,N/A,N/A,N/A,0
GUERLAIN L'HOMME IDEAL INTENSE EDP 100ML,N/A,N/A,N/A,N/A,N/A,N/A,N/A,N/A,0
GUERLAIN PATCHOULI ARDEN EDP 125ML,N/A,N/A,N/A,N/A,N/A,N/A,N/A,N/A,0
Gentleman Eau de Parfum Givenchy 100ML,N/A,"2,300 DZD | 2,500 DZD | 4,600 DZD | 5,000 DZD | 6,000 DZD | 6,900 DZD | 7,500 DZD | 17,000 DZD | 18,000 DZD | 18,500 DZD | 19,000 DZD | 20,500 DZD | 21,000 DZD | 21,500 DZD | 22,000 DZD | 22,500 DZD | 23,000 DZD | 24,000 DZD | 24,500 DZD | 25,000 DZD | 26,000 DZD | 26,500 DZD | 27,500 DZD | 29,000 DZD",N/A,N/A,N/A,"19,000 DZD | 20,800 DZD | 21,500 DZD | 25,500 DZD | 26,000 DZD | 27,000 DZD","2,300 DZD","29,000 DZD",2
Gentlemen EDT Givenchy 100ml,N/A,"2,200 DZD | 4,400 DZD | 6,600 DZD | 18,000 DZD | 19,500 DZD",N/A,N/A,N/A,"2,600 DZD | 15,000 DZD | 17,500 DZD","2,200 DZD","19,500 DZD",2
Gentlemen Eau De Parfum Réserve privée 100ml,N/A,N/A,N/A,N/A,N/A,N/A,N/A,N/A,0
Gucci Oud intense 90ML,N/A,"26,500 DZD",N/A,N/A,N/A,N/A,"26,500 DZD","26,500 DZD",1
Guerlain Santal Royal 125ml edp,N/A,"28,000 DZD",N/A,N/A,N/A,"30,000 DZD","28,000 DZD","30,000 DZD",2
HABIT ROUGE EDP 100ML,N/A,"19,500 DZD | 24,500 DZD",N/A,N/A,"23,400 DZD","19,500 DZD | 19,900 DZD | 22,900 DZD | 31,000 DZD","19,500 DZD","31,000 DZD",3
HERMES H24 EDT 100ML,N/A,N/A,N/A,N/A,N/A,N/A,N/A,N/A,0
HERMÈS H24 EDT,N/A,"14,500 DZD | 19,000 DZD | 21,000 DZD",N/A,N/A,N/A,"3,500 DZD","3,500 DZD","21,000 DZD",2
HUGO BOSS BOSS BOTTLED NIGHT EDT 100ML,N/A,"15,000 DZD | 20,000 DZD",N/A,N/A,"14,600 DZD","4,700 DZD | 4,800 DZD | 5,200 DZD | 10,600 DZD | 10,800 DZD | 12,500 DZD | 12,900 DZD | 15,500 DZD | 18,000 DZD | 18,500 DZD | 21,800 DZD","4,700 DZD","21,800 DZD",3
HUGO BOSS JUST DIFFRENT EDT 75ML,N/A,N/A,N/A,N/A,"14,600 DZD",N/A,"14,600 DZD","14,600 DZD",1
HUGO BOSS SUPERMAN EDP 125ML,N/A,N/A,N/A,N/A,"14,600 DZD",N/A,"14,600 DZD","14,600 DZD",1
HUGO BOSS XY EDT 100ML,N/A,"15,000 DZD",N/A,N/A,"14,600 DZD","10,800 DZD","10,800 DZD","15,000 DZD",3
Hawas Chrome بديل Erba Pura,N/A,N/A,N/A,N/A,N/A,N/A,N/A,N/A,0
Hawas Kobra بديل Imagination Louis Vuitton,N/A,N/A,N/A,N/A,N/A,N/A,N/A,N/A,0
Hawas Le mer بديل Pacific Chill Louis Vuitton,N/A,N/A,N/A,N/A,N/A,N/A,N/A,N/A,0
Hawas Majestic بديل Baccarat Rouge 540,N/A,N/A,N/A,N/A,N/A,N/A,N/A,N/A,0
Hawas Malibu بديل Le Beau Le Parfum JPG,N/A,N/A,N/A,N/A,N/A,N/A,N/A,N/A,0
Hawas Nautilus بديل 40 Knots Xerjoff,N/A,N/A,N/A,N/A,N/A,N/A,N/A,N/A,0
Hugo Boss extrem 75ML,N/A,N/A,N/A,N/A,"14,600 DZD",N/A,"14,600 DZD","14,600 DZD",1
Imperial Blue Riiffs بديل Eros Versace,N/A,N/A,N/A,N/A,N/A,N/A,N/A,N/A,0
Imperial Maison Asrar بديل Ganymede,N/A,N/A,N/A,N/A,N/A,N/A,N/A,N/A,0
JEAN PAUL GAULTIER LE MALE EDT 125ML,N/A,"2,100 DZD | 2,500 DZD | 4,200 DZD | 5,000 DZD | 6,300 DZD | 7,500 DZD | 17,000 DZD | 18,000 DZD | 21,500 DZD | 22,500 DZD | 23,000 DZD | 23,500 DZD | 27,000 DZD | 28,000 DZD | 32,500 DZD | 36,000 DZD | 37,500 DZD | 41,000 DZD",N/A,N/A,N/A,"4,600 DZD | 21,500 DZD | 24,500 DZD | 26,900 DZD | 27,500 DZD | 29,200 DZD | 30,000 DZD | 33,000 DZD","2,100 DZD","41,000 DZD",2
JEAN PAUL GAULTIER SCANDALE PARFUM 150ML,N/A,N/A,N/A,N/A,N/A,"4,600 DZD | 21,500 DZD | 24,500 DZD | 26,900 DZD | 27,500 DZD | 29,200 DZD | 30,000 DZD | 33,000 DZD","4,600 DZD","33,000 DZD",1
JOOP HOMME EDT 125ML,N/A,N/A,N/A,N/A,N/A,"4,500 DZD | 5,000 DZD | 10,800 DZD | 12,800 DZD","4,500 DZD","12,800 DZD",1
Jasmere بديل Tilia Marc-Antoine Barrois,N/A,N/A,N/A,N/A,N/A,N/A,N/A,N/A,0
Jean Lowe Azzure بديل Afternoon Swim Louis Vuitton,N/A,N/A,N/A,N/A,N/A,N/A,N/A,N/A,0
John Varvatos Artisan Pure Eau de Toliette Spray,N/A,N/A,N/A,N/A,N/A,"12,500 DZD","12,500 DZD","12,500 DZD",1
KENZO HOMME - Eau de Toilette Intense 110ML,N/A,N/A,N/A,N/A,N/A,N/A,N/A,N/A,0
KENZO INTENSE EDT 100ML,N/A,"2,100 DZD | 4,200 DZD | 6,300 DZD | 19,000 DZD | 24,000 DZD",N/A,N/A,N/A,"17,800 DZD | 21,000 DZD","2,100 DZD","24,000 DZD",2
Kenzo Homme Coffret Eau de Toilette 110ml + Miniature 10ml + Gel Douche 75ml,N/A,N/A,N/A,N/A,N/A,"12,900 DZD","12,900 DZD","12,900 DZD",1
L'EAU 2 KENZO by Kenzo Travel Exclusive EDT,N/A,N/A,N/A,N/A,"16,900 DZD | 21,900 DZD",N/A,"16,900 DZD","21,900 DZD",1
L'INSTANT HOMME EDP 100ML,N/A,"2,500 DZD | 3,300 DZD | 5,000 DZD | 6,600 DZD | 7,500 DZD | 9,900 DZD | 13,200 DZD | 16,500 DZD | 18,000 DZD | 21,500 DZD | 22,000 DZD | 30,000 DZD",N/A,N/A,"21,800 DZD","16,500 DZD | 18,500 DZD | 19,900 DZD | 21,500 DZD","2,500 DZD","30,000 DZD",3
LACOSTE L.12.12 NOIR 100ML,N/A,N/A,N/A,N/A,"3,900 DZD | 11,900 DZD",N/A,"3,900 DZD","11,900 DZD",1
LAURA BIAGIOTTI ROMA UOMO EDT 125ML,N/A,N/A,N/A,N/A,N/A,N/A,N/A,N/A,0
Lapidus Pour Homme,N/A,"10,500 DZD",N/A,N/A,N/A,"6,500 DZD | 7,500 DZD | 9,000 DZD","6,500 DZD","10,500 DZD",2
Le Beau Paradise Garden 125ML,N/A,"24,000 DZD | 29,000 DZD",N/A,N/A,N/A,N/A,"24,000 DZD","29,000 DZD",1
Le Male Elixir 125ML JPG,N/A,N/A,N/A,N/A,"26,400 DZD",N/A,"26,400 DZD","26,400 DZD",1
Le Male Le Parfum Jean Paul Gaultier pour homme,N/A,N/A,N/A,N/A,N/A,"33,000 DZD","33,000 DZD","33,000 DZD",1
Light Blue Capri In Love Pour Homme 100ml EDP,N/A,N/A,N/A,N/A,"18,900 DZD | 21,900 DZD","18,500 DZD | 20,000 DZD | 20,500 DZD","18,500 DZD","21,900 DZD",2
Liquid Brun French Avenue بديل Althaïr PDM,N/A,N/A,N/A,N/A,N/A,N/A,N/A,N/A,0
Liquid brun limited edition extrait perfume 150ml french avenue,N/A,N/A,N/A,N/A,N/A,N/A,N/A,N/A,0
Luminous Gris بديل Castley by Parfums de Marly,N/A,N/A,N/A,N/A,N/A,N/A,N/A,N/A,0
MONT BLANC EXPLORER EDP 100ML,N/A,"15,000 DZD | 15,500 DZD | 16,000 DZD | 19,500 DZD | 20,500 DZD | 22,000 DZD | 26,000 DZD",N/A,N/A,N/A,"6,000 DZD","6,000 DZD","26,000 DZD",2
Megamare Orto Parisi Extrait de parfum 50ML,N/A,N/A,N/A,N/A,N/A,N/A,N/A,N/A,0
Miss Arrogate diva 150ML,N/A,N/A,N/A,N/A,N/A,N/A,N/A,N/A,0
Montblanc Legend 100ml Eau de Parfum,N/A,N/A,N/A,N/A,"3,600 DZD | 3,900 DZD | 4,800 DZD","2,100 DZD | 4,000 DZD | 4,500 DZD | 12,200 DZD | 14,500 DZD | 15,200 DZD | 15,800 DZD | 17,200 DZD | 17,500 DZD | 18,500 DZD","2,100 DZD","18,500 DZD",2
Montblanc Legend Red 100ml,N/A,N/A,N/A,N/A,N/A,"12,200 DZD | 17,200 DZD | 17,500 DZD","12,200 DZD","17,500 DZD",1
NOMAD French Avenue,N/A,N/A,N/A,N/A,N/A,N/A,N/A,N/A,0
Nautica Voyage EDT 100ML,N/A,"1,300 DZD | 2,600 DZD | 3,900 DZD | 10,000 DZD | 15,000 DZD",N/A,N/A,N/A,"4,200 DZD | 8,400 DZD | 9,500 DZD | 12,500 DZD","1,300 DZD","15,000 DZD",2
Odyssey Aqua Edition,N/A,N/A,N/A,N/A,N/A,N/A,N/A,N/A,0
Odyssey Homme بديل ـTom Ford noir extrême,N/A,N/A,N/A,N/A,N/A,N/A,N/A,N/A,0
Odyssey Mandarin Sky بديل Scandal,N/A,N/A,N/A,N/A,N/A,N/A,N/A,N/A,0
One Million Elixir Parfum Intense,N/A,N/A,N/A,N/A,"209,000,027,600,002,090,000,276 DZD",N/A,"209,000,027,600,002,090,000,276 DZD","209,000,027,600,002,090,000,276 DZD",1
One Million Lucky EDT 100ml,N/A,N/A,N/A,N/A,"6,800 DZD | 20,900 DZD | 209,000,027,600,002,090,000,276 DZD",N/A,"6,800 DZD","209,000,027,600,002,090,000,276 DZD",1
PRADA PARADIGME EDP 100ML,N/A,"28,000 DZD",N/A,N/A,N/A,"28,500 DZD","28,000 DZD","28,500 DZD",2
Pack Taqsim 01,N/A,N/A,N/A,N/A,N/A,N/A,N/A,N/A,0
Paco Rabanne pour Homme Eau De Toilette 100ml,N/A,N/A,N/A,N/A,"13,900 DZD","4,500 DZD | 5,400 DZD | 6,500 DZD | 10,800 DZD | 12,800 DZD | 13,200 DZD | 16,500 DZD | 16,800 DZD | 17,000 DZD | 18,900 DZD | 20,500 DZD | 22,000 DZD | 23,000 DZD | 25,000 DZD | 29,900 DZD","4,500 DZD","29,900 DZD",2
"Platine Blanc Aromatix X بديل Torino 21, Xerjoff",N/A,N/A,N/A,N/A,N/A,N/A,N/A,N/A,0
Prada Paradigme EDP 100ml,N/A,"28,000 DZD",N/A,N/A,N/A,"28,500 DZD","28,000 DZD","28,500 DZD",2
Ravine Ice French Avenue 100ML,N/A,N/A,N/A,N/A,N/A,N/A,N/A,N/A,0
Risk Comete ASSAF 150ML,N/A,N/A,N/A,N/A,N/A,N/A,N/A,N/A,0
SPICE BOMP DARK LEATHER EDP 90ML,N/A,N/A,N/A,N/A,N/A,N/A,N/A,N/A,0
SPICE BOMP EDT 90ML,N/A,N/A,N/A,N/A,N/A,N/A,N/A,N/A,0
SPICE BOMP INFRARED EDP 90ML,N/A,N/A,N/A,N/A,N/A,N/A,N/A,N/A,0
Safari Breeze French Avenue,N/A,N/A,N/A,N/A,N/A,N/A,N/A,N/A,0
Strike Black by Assaf بديل Absolu Aventus Creed,N/A,N/A,N/A,N/A,N/A,N/A,N/A,N/A,0
Stronger With You Absolutely Giorgio Armani 100ML,N/A,N/A,N/A,N/A,"22,600 DZD | 116,000,027,600,001,160,000,276 DZD","18,800 DZD | 19,900 DZD | 23,800 DZD | 24,500 DZD | 25,000 DZD | 25,500 DZD | 28,000 DZD | 28,500 DZD","18,800 DZD","116,000,027,600,001,160,000,276 DZD",2
Stronger With You Intensely Giorgio Armani 100ML,N/A,N/A,N/A,N/A,"22,600 DZD | 116,000,027,600,001,160,000,276 DZD","18,800 DZD | 19,900 DZD | 23,800 DZD | 24,500 DZD | 25,000 DZD | 25,500 DZD | 28,000 DZD | 28,500 DZD","18,800 DZD","116,000,027,600,001,160,000,276 DZD",2
Stronger With You PARFUM 100ml,N/A,"2,700 DZD | 5,400 DZD | 8,100 DZD | 17,500 DZD | 20,000 DZD | 21,000 DZD | 22,500 DZD | 24,000 DZD | 25,000 DZD | 25,500 DZD | 27,500 DZD | 28,500 DZD | 30,000 DZD",N/A,N/A,"22,600 DZD | 116,000,027,600,001,160,000,276 DZD","18,800 DZD | 19,900 DZD | 23,800 DZD | 24,500 DZD | 25,000 DZD | 25,500 DZD | 28,000 DZD | 28,500 DZD","2,700 DZD","116,000,027,600,001,160,000,276 DZD",3
The Dreamer Versace EDT 100ML,N/A,"13,500 DZD",N/A,N/A,N/A,N/A,"13,500 DZD","13,500 DZD",1
Tom Ford Ombre Leather EDP 50ML,N/A,N/A,N/A,N/A,"58,500 DZD","34,500 DZD | 42,000 DZD","34,500 DZD","58,500 DZD",2
Valentino Uomo Born in Roma Eau De Toilette 100ml,N/A,N/A,N/A,N/A,"23,900 DZD | 158,000,020,900,001,580,000,209 DZD","17,000 DZD | 25,500 DZD | 28,500 DZD | 29,500 DZD","17,000 DZD","158,000,020,900,001,580,000,209 DZD",2
Vertus Sole Patchouli,N/A,N/A,N/A,N/A,N/A,N/A,N/A,N/A,0
Vulcan Feu,N/A,N/A,N/A,N/A,N/A,N/A,N/A,N/A,0
Wild Colt Boss Assaf 200ML,N/A,N/A,N/A,N/A,N/A,N/A,N/A,N/A,0
Wulóng Chá Nishane,N/A,N/A,N/A,N/A,N/A,"44,000 DZD","44,000 DZD","44,000 DZD",1
Xerjoff Erba Pura – Eau De Parfum 100ml,N/A,"2,900 DZD | 5,800 DZD | 11,600 DZD | 17,400 DZD | 52,000 DZD",N/A,N/A,N/A,"12,500 DZD | 50,000 DZD","2,900 DZD","52,000 DZD",2
YVES SAINT LAURENT KOUROS EDT 100ML,N/A,"20,000 DZD",N/A,N/A,"25,800 DZD | 204,000,026,900,002,040,000,269 DZD","5,200 DZD | 5,500 DZD | 19,500 DZD | 19,800 DZD | 20,000 DZD | 24,600 DZD | 25,000 DZD | 26,000 DZD | 26,500 DZD | 27,000 DZD | 27,200 DZD | 28,000 DZD | 28,500 DZD | 31,000 DZD | 34,800 DZD | 39,000 DZD | 59,000 DZD | 63,000 DZD","5,200 DZD","204,000,026,900,002,040,000,269 DZD",3
YVES SAINT LAURENT L'HOMME EDT 100ML,N/A,"2,500 DZD | 2,700 DZD | 2,900 DZD | 3,400 DZD | 5,000 DZD | 5,400 DZD | 5,800 DZD | 6,800 DZD | 7,000 DZD | 7,500 DZD | 8,100 DZD | 8,700 DZD | 10,000 DZD | 10,200 DZD | 12,500 DZD | 13,600 DZD | 14,000 DZD | 17,000 DZD | 17,500 DZD | 18,000 DZD | 19,000 DZD | 20,000 DZD | 20,500 DZD | 21,000 DZD | 21,500 DZD | 22,000 DZD | 22,500 DZD | 23,500 DZD | 24,500 DZD | 25,000 DZD | 25,500 DZD | 26,000 DZD | 26,500 DZD | 27,000 DZD | 27,500 DZD | 28,000 DZD | 28,500 DZD | 29,500 DZD | 30,000 DZD | 31,000 DZD | 32,000 DZD | 35,000 DZD | 66,000 DZD",N/A,N/A,"25,800 DZD | 204,000,026,900,002,040,000,269 DZD","5,200 DZD | 5,500 DZD | 19,500 DZD | 19,800 DZD | 20,000 DZD | 24,600 DZD | 25,000 DZD | 26,000 DZD | 26,500 DZD | 27,000 DZD | 27,200 DZD | 28,000 DZD | 28,500 DZD | 31,000 DZD | 34,800 DZD | 39,000 DZD | 59,000 DZD | 63,000 DZD","2,500 DZD","204,000,026,900,002,040,000,269 DZD",3
YVES SAINT LAURENT LA NUIT DE L'HOMME EDT 100ML,N/A,"17,500 DZD | 21,500 DZD | 22,000 DZD | 25,000 DZD | 26,000 DZD",N/A,N/A,"25,800 DZD | 204,000,026,900,002,040,000,269 DZD","5,200 DZD | 5,500 DZD | 19,500 DZD | 19,800 DZD | 20,000 DZD | 24,600 DZD | 25,000 DZD | 26,000 DZD | 26,500 DZD | 27,000 DZD | 27,200 DZD | 28,000 DZD | 28,500 DZD | 31,000 DZD | 34,800 DZD | 39,000 DZD | 59,000 DZD | 63,000 DZD","5,200 DZD","204,000,026,900,002,040,000,269 DZD",3
YVES SAINT LAURENT MY SLF EDP 100ML,N/A,N/A,N/A,N/A,"25,800 DZD | 204,000,026,900,002,040,000,269 DZD","5,200 DZD | 5,500 DZD | 19,500 DZD | 19,800 DZD | 20,000 DZD | 24,600 DZD | 25,000 DZD | 26,000 DZD | 26,500 DZD | 27,000 DZD | 27,200 DZD | 28,000 DZD | 28,500 DZD | 31,000 DZD | 34,800 DZD | 39,000 DZD | 59,000 DZD | 63,000 DZD","5,200 DZD","204,000,026,900,002,040,000,269 DZD",2
YVES SAINT LAURENT Y EDT 100ML,N/A,"2,500 DZD | 2,700 DZD | 2,900 DZD | 3,400 DZD | 5,000 DZD | 5,400 DZD | 5,800 DZD | 6,800 DZD | 7,000 DZD | 7,500 DZD | 8,100 DZD | 8,700 DZD | 10,000 DZD | 10,200 DZD | 12,500 DZD | 13,600 DZD | 14,000 DZD | 17,000 DZD | 17,500 DZD | 18,000 DZD | 19,000 DZD | 20,000 DZD | 20,500 DZD | 21,000 DZD | 21,500 DZD | 22,000 DZD | 22,500 DZD | 23,500 DZD | 24,500 DZD | 25,000 DZD | 25,500 DZD | 26,000 DZD | 26,500 DZD | 27,000 DZD | 27,500 DZD | 28,000 DZD | 28,500 DZD | 29,500 DZD | 30,000 DZD | 31,000 DZD | 32,000 DZD | 35,000 DZD | 66,000 DZD",N/A,N/A,"25,800 DZD | 204,000,026,900,002,040,000,269 DZD","5,200 DZD | 5,500 DZD | 19,500 DZD | 19,800 DZD | 20,000 DZD | 24,600 DZD | 25,000 DZD | 26,000 DZD | 26,500 DZD | 27,000 DZD | 27,200 DZD | 28,000 DZD | 28,500 DZD | 31,000 DZD | 34,800 DZD | 39,000 DZD | 59,000 DZD | 63,000 DZD","2,500 DZD","204,000,026,900,002,040,000,269 DZD",3
YVES SAINT LAURENT Y INTENSE EDP 100ML,N/A,"22,000 DZD | 23,500 DZD | 25,000 DZD | 27,000 DZD | 29,500 DZD",N/A,N/A,"25,800 DZD | 204,000,026,900,002,040,000,269 DZD","5,200 DZD | 5,500 DZD | 19,500 DZD | 19,800 DZD | 20,000 DZD | 24,600 DZD | 25,000 DZD | 26,000 DZD | 26,500 DZD | 27,000 DZD | 27,200 DZD | 28,000 DZD | 28,500 DZD | 31,000 DZD | 34,800 DZD | 39,000 DZD | 59,000 DZD | 63,000 DZD","5,200 DZD","204,000,026,900,002,040,000,269 DZD",3
Zodiac Apex Power Extrait de Parfum 60ml بديل Bois impérial,N/A,N/A,N/A,N/A,N/A,N/A,N/A,N/A,0
xerjoff 1861 Naxos 100ml EDP,N/A,"2,900 DZD | 5,800 DZD | 11,600 DZD | 17,400 DZD | 52,000 DZD",N/A,N/A,N/A,N/A,"2,900 DZD","52,000 DZD",1
تقسيمات عساف الرجالية,N/A,N/A,N/A,N/A,N/A,N/A,N/A,N/A,0
تقسيمات عساف النسائية,N/A,N/A,N/A,N/A,N/A,N/A,N/A,N/A,0
عطر 9PM Parfume - PM9,N/A,N/A,N/A,N/A,N/A,N/A,N/A,N/A,0
عطر Odyssey Limon Fresh بديل Imagination Louis Vuitton,N/A,N/A,N/A,N/A,N/A,N/A,N/A,N/A,0
عطر هيرش لهب على خط bois imperial,N/A,N/A,N/A,N/A,N/A,N/A,N/A,N/A,0
فتان بديل Terre d'Hermes,N/A,N/A,N/A,N/A,N/A,N/A,N/A,N/A,0
كاف Kaaf بديل Cool Water Davidoff,N/A,N/A,N/A,N/A,N/A,N/A,N/A,N/A,0
هوس Ice,N/A,N/A,N/A,N/A,N/A,N/A,N/A,N/A,0
هيرش 2 بديل LV Imagination,N/A,N/A,N/A,N/A,N/A,N/A,N/A,N/A,0
هيرش محور,N/A,N/A,N/A,N/A,N/A,N/A,N/A,N/A,0
