Handle,Title,Body (HTML),Vendor,Product Category,Type,Tags,Published,Option1 Name,Option1 Value,Option1 Linked To,Option2 Name,Option2 Value,Option2 Linked To,Option3 Name,Option3 Value,Option3 Linked To,Variant SKU,Variant Grams,Variant Inventory Tracker,Variant Inventory Qty,Variant Inventory Policy,Variant Fulfillment Service,Variant Price,Variant Compare At Price,Variant Requires Shipping,Variant Taxable,Unit Price Total Measure,Unit Price Total Measure Unit,Unit Price Base Measure,Unit Price Base Measure Unit,Variant Barcode,Image Src,Image Position,Image Alt Text,Gift Card,SEO Title,SEO Description,Flavor (product.metafields.shopify.flavor),Variant Image,Variant Weight Unit,Variant Tax Code,Cost per item,Status
absolus-allegoria-santal-royal-125ml,ABSOLUS ALLEGORIA SANTAL ROYAL 125ML,<p>ABSOLUS ALLEGORIA SANTAL ROYAL 125ML</p>,ABSOLUS ALLEGORIA,Health & Beauty > Personal Care > Cosmetics > Perfumes & Fragrances,Perfume,"Parfum DZ, ABSOLUS ALLEGORIA",true,Title,Default Title,,,,,,,,,0.0,shopify,100,deny,manual,21000.00,,true,false,,,,,,assets/product_images/ABSOLUS ALLEGORIA SANTAL ROYAL 125ML/image_2.webp,1,ABSOLUS ALLEGORIA SANTAL ROYAL 125ML,false,ABSOLUS ALLEGORIA SANTAL ROYAL 125ML,ABSOLUS ALLEGORIA SANTAL ROYAL 125ML,,assets/product_images/ABSOLUS ALLEGORIA SANTAL ROYAL 125ML/image_2.webp,kg,,,active
absolus-allegoria-santal-royal-125ml,,,,,,,,,,,,,,,,,,,,,,,,,,,,,,,,assets/product_images/ABSOLUS ALLEGORIA SANTAL ROYAL 125ML/image_3.webp,2,ABSOLUS ALLEGORIA SANTAL ROYAL 125ML,,,,,,,,,
absolus-allegoria-santal-royal-125ml,,,,,,,,,,,,,,,,,,,,,,,,,,,,,,,,assets/product_images/ABSOLUS ALLEGORIA SANTAL ROYAL 125ML/image_4.webp,3,ABSOLUS ALLEGORIA SANTAL ROYAL 125ML,,,,,,,,,
absolus-allegoria-santal-royal-125ml,,,,,,,,,,,,,,,,,,,,,,,,,,,,,,,,assets/product_images/ABSOLUS ALLEGORIA SANTAL ROYAL 125ML/raw_2.jpg,4,ABSOLUS ALLEGORIA SANTAL ROYAL 125ML,,,,,,,,,
absolus-allegoria-santal-royal-125ml,,,,,,,,,,,,,,,,,,,,,,,,,,,,,,,,assets/product_images/ABSOLUS ALLEGORIA SANTAL ROYAL 125ML/raw_3.jpg,5,ABSOLUS ALLEGORIA SANTAL ROYAL 125ML,,,,,,,,,
absolus-allegoria-santal-royal-125ml,,,,,,,,,,,,,,,,,,,,,,,,,,,,,,,,assets/product_images/ABSOLUS ALLEGORIA SANTAL ROYAL 125ML/raw_4.jpg,6,ABSOLUS ALLEGORIA SANTAL ROYAL 125ML,,,,,,,,,
antonio-banderas-blue-seduction-edt-200ml,ANTONIO BANDERAS BLUE SEDUCTION EDT 200ML,<p>ANTONIO BANDERAS BLUE SEDUCTION EDT 200ML</p>,ANTONIO BANDERAS,Health & Beauty > Personal Care > Cosmetics > Perfumes & Fragrances,Perfume,"Parfum DZ, ANTONIO BANDERAS",true,Title,Default Title,,,,,,,,,0.0,shopify,100,deny,manual,5400.00,,true,false,,,,,,assets/product_images/ANTONIO BANDERAS BLUE SEDUCTION EDT 200ML/bottle.webp,1,ANTONIO BANDERAS BLUE SEDUCTION EDT 200ML,false,ANTONIO BANDERAS BLUE SEDUCTION EDT 200ML,ANTONIO BANDERAS BLUE SEDUCTION EDT 200ML,,assets/product_images/ANTONIO BANDERAS BLUE SEDUCTION EDT 200ML/bottle.webp,kg,,,active
antonio-banderas-blue-seduction-edt-200ml,,,,,,,,,,,,,,,,,,,,,,,,,,,,,,,,assets/product_images/ANTONIO BANDERAS BLUE SEDUCTION EDT 200ML/image_2.webp,2,ANTONIO BANDERAS BLUE SEDUCTION EDT 200ML,,,,,,,,,
antonio-banderas-blue-seduction-edt-200ml,,,,,,,,,,,,,,,,,,,,,,,,,,,,,,,,assets/product_images/ANTONIO BANDERAS BLUE SEDUCTION EDT 200ML/image_3.webp,3,ANTONIO BANDERAS BLUE SEDUCTION EDT 200ML,,,,,,,,,
antonio-banderas-blue-seduction-edt-200ml,,,,,,,,,,,,,,,,,,,,,,,,,,,,,,,,assets/product_images/ANTONIO BANDERAS BLUE SEDUCTION EDT 200ML/image_4.webp,4,ANTONIO BANDERAS BLUE SEDUCTION EDT 200ML,,,,,,,,,
antonio-banderas-blue-seduction-edt-200ml,,,,,,,,,,,,,,,,,,,,,,,,,,,,,,,,assets/product_images/ANTONIO BANDERAS BLUE SEDUCTION EDT 200ML/image_5.webp,5,ANTONIO BANDERAS BLUE SEDUCTION EDT 200ML,,,,,,,,,
antonio-banderas-blue-seduction-edt-200ml,,,,,,,,,,,,,,,,,,,,,,,,,,,,,,,,assets/product_images/ANTONIO BANDERAS BLUE SEDUCTION EDT 200ML/image_6.webp,6,ANTONIO BANDERAS BLUE SEDUCTION EDT 200ML,,,,,,,,,
antonio-banderas-blue-seduction-edt-200ml,,,,,,,,,,,,,,,,,,,,,,,,,,,,,,,,assets/product_images/ANTONIO BANDERAS BLUE SEDUCTION EDT 200ML/image_7.webp,7,ANTONIO BANDERAS BLUE SEDUCTION EDT 200ML,,,,,,,,,
antonio-banderas-blue-seduction-edt-200ml,,,,,,,,,,,,,,,,,,,,,,,,,,,,,,,,assets/product_images/ANTONIO BANDERAS BLUE SEDUCTION EDT 200ML/image_8.webp,8,ANTONIO BANDERAS BLUE SEDUCTION EDT 200ML,,,,,,,,,
antonio-banderas-blue-seduction-edt-200ml,,,,,,,,,,,,,,,,,,,,,,,,,,,,,,,,assets/product_images/ANTONIO BANDERAS BLUE SEDUCTION EDT 200ML/image_9.webp,9,ANTONIO BANDERAS BLUE SEDUCTION EDT 200ML,,,,,,,,,
antonio-banderas-blue-seduction-edt-200ml,,,,,,,,,,,,,,,,,,,,,,,,,,,,,,,,assets/product_images/ANTONIO BANDERAS BLUE SEDUCTION EDT 200ML/image_10.webp,10,ANTONIO BANDERAS BLUE SEDUCTION EDT 200ML,,,,,,,,,
antonio-banderas-blue-seduction-edt-200ml,,,,,,,,,,,,,,,,,,,,,,,,,,,,,,,,assets/product_images/ANTONIO BANDERAS BLUE SEDUCTION EDT 200ML/image_11.webp,11,ANTONIO BANDERAS BLUE SEDUCTION EDT 200ML,,,,,,,,,
antonio-banderas-blue-seduction-edt-200ml,,,,,,,,,,,,,,,,,,,,,,,,,,,,,,,,assets/product_images/ANTONIO BANDERAS BLUE SEDUCTION EDT 200ML/raw_1.jpg,12,ANTONIO BANDERAS BLUE SEDUCTION EDT 200ML,,,,,,,,,
antonio-banderas-blue-seduction-edt-200ml,,,,,,,,,,,,,,,,,,,,,,,,,,,,,,,,assets/product_images/ANTONIO BANDERAS BLUE SEDUCTION EDT 200ML/raw_2.jpg,13,ANTONIO BANDERAS BLUE SEDUCTION EDT 200ML,,,,,,,,,
antonio-banderas-blue-seduction-edt-200ml,,,,,,,,,,,,,,,,,,,,,,,,,,,,,,,,assets/product_images/ANTONIO BANDERAS BLUE SEDUCTION EDT 200ML/raw_3.jpg,14,ANTONIO BANDERAS BLUE SEDUCTION EDT 200ML,,,,,,,,,
antonio-banderas-blue-seduction-edt-200ml,,,,,,,,,,,,,,,,,,,,,,,,,,,,,,,,assets/product_images/ANTONIO BANDERAS BLUE SEDUCTION EDT 200ML/raw_4.jpg,15,ANTONIO BANDERAS BLUE SEDUCTION EDT 200ML,,,,,,,,,
antonio-banderas-blue-seduction-edt-200ml,,,,,,,,,,,,,,,,,,,,,,,,,,,,,,,,assets/product_images/ANTONIO BANDERAS BLUE SEDUCTION EDT 200ML/raw_5.jpg,16,ANTONIO BANDERAS BLUE SEDUCTION EDT 200ML,,,,,,,,,
antonio-banderas-blue-seduction-edt-200ml,,,,,,,,,,,,,,,,,,,,,,,,,,,,,,,,assets/product_images/ANTONIO BANDERAS BLUE SEDUCTION EDT 200ML/raw_6.jpg,17,ANTONIO BANDERAS BLUE SEDUCTION EDT 200ML,,,,,,,,,
antonio-banderas-blue-seduction-edt-200ml,,,,,,,,,,,,,,,,,,,,,,,,,,,,,,,,assets/product_images/ANTONIO BANDERAS BLUE SEDUCTION EDT 200ML/raw_7.jpg,18,ANTONIO BANDERAS BLUE SEDUCTION EDT 200ML,,,,,,,,,
antonio-banderas-blue-seduction-edt-200ml,,,,,,,,,,,,,,,,,,,,,,,,,,,,,,,,assets/product_images/ANTONIO BANDERAS BLUE SEDUCTION EDT 200ML/raw_8.jpg,19,ANTONIO BANDERAS BLUE SEDUCTION EDT 200ML,,,,,,,,,
antonio-banderas-blue-seduction-edt-200ml,,,,,,,,,,,,,,,,,,,,,,,,,,,,,,,,assets/product_images/ANTONIO BANDERAS BLUE SEDUCTION EDT 200ML/raw_9.jpg,20,ANTONIO BANDERAS BLUE SEDUCTION EDT 200ML,,,,,,,,,
antonio-banderas-blue-seduction-edt-200ml,,,,,,,,,,,,,,,,,,,,,,,,,,,,,,,,assets/product_images/ANTONIO BANDERAS BLUE SEDUCTION EDT 200ML/raw_10.jpg,21,ANTONIO BANDERAS BLUE SEDUCTION EDT 200ML,,,,,,,,,
antonio-banderas-blue-seduction-edt-200ml,,,,,,,,,,,,,,,,,,,,,,,,,,,,,,,,assets/product_images/ANTONIO BANDERAS BLUE SEDUCTION EDT 200ML/raw_11.jpg,22,ANTONIO BANDERAS BLUE SEDUCTION EDT 200ML,,,,,,,,,
azzaro-the-most-wanted-edp-100ml,AZZARO THE MOST WANTED EDP 100ML,<p>AZZARO THE MOST WANTED EDP 100ML</p>,AZZARO,Health & Beauty > Personal Care > Cosmetics > Perfumes & Fragrances,Perfume,"Parfum DZ, AZZARO",true,Title,Default Title,,,,,,,,,0.0,shopify,100,deny,manual,13200.00,,true,false,,,,,,assets/product_images/AZZARO THE MOST WANTED EDP 100ML/bottle.webp,1,AZZARO THE MOST WANTED EDP 100ML,false,AZZARO THE MOST WANTED EDP 100ML,AZZARO THE MOST WANTED EDP 100ML,,assets/product_images/AZZARO THE MOST WANTED EDP 100ML/bottle.webp,kg,,,active
azzaro-the-most-wanted-edp-100ml,,,,,,,,,,,,,,,,,,,,,,,,,,,,,,,,assets/product_images/AZZARO THE MOST WANTED EDP 100ML/image_2.webp,2,AZZARO THE MOST WANTED EDP 100ML,,,,,,,,,
azzaro-the-most-wanted-edp-100ml,,,,,,,,,,,,,,,,,,,,,,,,,,,,,,,,assets/product_images/AZZARO THE MOST WANTED EDP 100ML/image_3.webp,3,AZZARO THE MOST WANTED EDP 100ML,,,,,,,,,
azzaro-the-most-wanted-edp-100ml,,,,,,,,,,,,,,,,,,,,,,,,,,,,,,,,assets/product_images/AZZARO THE MOST WANTED EDP 100ML/raw_1.jpg,4,AZZARO THE MOST WANTED EDP 100ML,,,,,,,,,
azzaro-the-most-wanted-edp-100ml,,,,,,,,,,,,,,,,,,,,,,,,,,,,,,,,assets/product_images/AZZARO THE MOST WANTED EDP 100ML/raw_2.jpg,5,AZZARO THE MOST WANTED EDP 100ML,,,,,,,,,
azzaro-the-most-wanted-edp-100ml,,,,,,,,,,,,,,,,,,,,,,,,,,,,,,,,assets/product_images/AZZARO THE MOST WANTED EDP 100ML/raw_3.jpg,6,AZZARO THE MOST WANTED EDP 100ML,,,,,,,,,
azzaro-the-most-wanted-edt-100ml,AZZARO THE MOST WANTED EDT 100ML,<p>AZZARO THE MOST WANTED EDT 100ML</p>,AZZARO,Health & Beauty > Personal Care > Cosmetics > Perfumes & Fragrances,Perfume,"Parfum DZ, AZZARO",true,Title,Default Title,,,,,,,,,0.0,shopify,100,deny,manual,11600.00,,true,false,,,,,,assets/product_images/AZZARO THE MOST WANTED EDT 100ML/bottle.webp,1,AZZARO THE MOST WANTED EDT 100ML,false,AZZARO THE MOST WANTED EDT 100ML,AZZARO THE MOST WANTED EDT 100ML,,assets/product_images/AZZARO THE MOST WANTED EDT 100ML/bottle.webp,kg,,,active
azzaro-the-most-wanted-edt-100ml,,,,,,,,,,,,,,,,,,,,,,,,,,,,,,,,assets/product_images/AZZARO THE MOST WANTED EDT 100ML/original.png,2,AZZARO THE MOST WANTED EDT 100ML,,,,,,,,,
azzaro-the-most-wanted-parfum-100ml,AZZARO THE MOST WANTED PARFUM 100ML,<p>AZZARO THE MOST WANTED PARFUM 100ML</p>,AZZARO,Health & Beauty > Personal Care > Cosmetics > Perfumes & Fragrances,Perfume,"Parfum DZ, AZZARO",true,Title,Default Title,,,,,,,,,0.0,shopify,100,deny,manual,14500.00,,true,false,,,,,,assets/product_images/AZZARO THE MOST WANTED PARFUM 100ML/bottle.webp,1,AZZARO THE MOST WANTED PARFUM 100ML,false,AZZARO THE MOST WANTED PARFUM 100ML,AZZARO THE MOST WANTED PARFUM 100ML,,assets/product_images/AZZARO THE MOST WANTED PARFUM 100ML/bottle.webp,kg,,,active
azzaro-the-most-wanted-parfum-100ml,,,,,,,,,,,,,,,,,,,,,,,,,,,,,,,,assets/product_images/AZZARO THE MOST WANTED PARFUM 100ML/image_2.webp,2,AZZARO THE MOST WANTED PARFUM 100ML,,,,,,,,,
azzaro-the-most-wanted-parfum-100ml,,,,,,,,,,,,,,,,,,,,,,,,,,,,,,,,assets/product_images/AZZARO THE MOST WANTED PARFUM 100ML/raw_1.png,3,AZZARO THE MOST WANTED PARFUM 100ML,,,,,,,,,
azzaro-the-most-wanted-parfum-100ml,,,,,,,,,,,,,,,,,,,,,,,,,,,,,,,,assets/product_images/AZZARO THE MOST WANTED PARFUM 100ML/raw_2.png,4,AZZARO THE MOST WANTED PARFUM 100ML,,,,,,,,,
azzaro-wanted-by-night-edp-100ml,AZZARO WANTED BY NIGHT EDP 100ML,<p>AZZARO WANTED BY NIGHT EDP 100ML</p>,AZZARO,Health & Beauty > Personal Care > Cosmetics > Perfumes & Fragrances,Perfume,"Parfum DZ, AZZARO",true,Title,Default Title,,,,,,,,,0.0,shopify,100,deny,manual,13800.00,,true,false,,,,,,assets/product_images/AZZARO WANTED BY NIGHT EDP 100ML/bottle.webp,1,AZZARO WANTED BY NIGHT EDP 100ML,false,AZZARO WANTED BY NIGHT EDP 100ML,AZZARO WANTED BY NIGHT EDP 100ML,,assets/product_images/AZZARO WANTED BY NIGHT EDP 100ML/bottle.webp,kg,,,active
azzaro-wanted-by-night-edp-100ml,,,,,,,,,,,,,,,,,,,,,,,,,,,,,,,,assets/product_images/AZZARO WANTED BY NIGHT EDP 100ML/image_2.webp,2,AZZARO WANTED BY NIGHT EDP 100ML,,,,,,,,,
azzaro-wanted-by-night-edp-100ml,,,,,,,,,,,,,,,,,,,,,,,,,,,,,,,,assets/product_images/AZZARO WANTED BY NIGHT EDP 100ML/image_3.webp,3,AZZARO WANTED BY NIGHT EDP 100ML,,,,,,,,,
azzaro-wanted-by-night-edp-100ml,,,,,,,,,,,,,,,,,,,,,,,,,,,,,,,,assets/product_images/AZZARO WANTED BY NIGHT EDP 100ML/image_4.webp,4,AZZARO WANTED BY NIGHT EDP 100ML,,,,,,,,,
azzaro-wanted-by-night-edp-100ml,,,,,,,,,,,,,,,,,,,,,,,,,,,,,,,,assets/product_images/AZZARO WANTED BY NIGHT EDP 100ML/image_5.webp,5,AZZARO WANTED BY NIGHT EDP 100ML,,,,,,,,,
azzaro-wanted-by-night-edp-100ml,,,,,,,,,,,,,,,,,,,,,,,,,,,,,,,,assets/product_images/AZZARO WANTED BY NIGHT EDP 100ML/image_6.webp,6,AZZARO WANTED BY NIGHT EDP 100ML,,,,,,,,,
azzaro-wanted-by-night-edp-100ml,,,,,,,,,,,,,,,,,,,,,,,,,,,,,,,,assets/product_images/AZZARO WANTED BY NIGHT EDP 100ML/image_7.webp,7,AZZARO WANTED BY NIGHT EDP 100ML,,,,,,,,,
azzaro-wanted-by-night-edp-100ml,,,,,,,,,,,,,,,,,,,,,,,,,,,,,,,,assets/product_images/AZZARO WANTED BY NIGHT EDP 100ML/raw_1.jpg,8,AZZARO WANTED BY NIGHT EDP 100ML,,,,,,,,,
azzaro-wanted-by-night-edp-100ml,,,,,,,,,,,,,,,,,,,,,,,,,,,,,,,,assets/product_images/AZZARO WANTED BY NIGHT EDP 100ML/raw_2.jpg,9,AZZARO WANTED BY NIGHT EDP 100ML,,,,,,,,,
azzaro-wanted-by-night-edp-100ml,,,,,,,,,,,,,,,,,,,,,,,,,,,,,,,,assets/product_images/AZZARO WANTED BY NIGHT EDP 100ML/raw_3.png,10,AZZARO WANTED BY NIGHT EDP 100ML,,,,,,,,,
azzaro-wanted-by-night-edp-100ml,,,,,,,,,,,,,,,,,,,,,,,,,,,,,,,,assets/product_images/AZZARO WANTED BY NIGHT EDP 100ML/raw_4.jpg,11,AZZARO WANTED BY NIGHT EDP 100ML,,,,,,,,,
azzaro-wanted-by-night-edp-100ml,,,,,,,,,,,,,,,,,,,,,,,,,,,,,,,,assets/product_images/AZZARO WANTED BY NIGHT EDP 100ML/raw_5.jpg,12,AZZARO WANTED BY NIGHT EDP 100ML,,,,,,,,,
azzaro-wanted-by-night-edp-100ml,,,,,,,,,,,,,,,,,,,,,,,,,,,,,,,,assets/product_images/AZZARO WANTED BY NIGHT EDP 100ML/raw_6.png,13,AZZARO WANTED BY NIGHT EDP 100ML,,,,,,,,,
azzaro-wanted-by-night-edp-100ml,,,,,,,,,,,,,,,,,,,,,,,,,,,,,,,,assets/product_images/AZZARO WANTED BY NIGHT EDP 100ML/raw_7.png,14,AZZARO WANTED BY NIGHT EDP 100ML,,,,,,,,,
azzaro-wanted-the-most-parfum-100ml,AZZARO WANTED THE MOST PARFUM 100ML,<p>AZZARO WANTED THE MOST PARFUM 100ML</p>,AZZARO,Health & Beauty > Personal Care > Cosmetics > Perfumes & Fragrances,Perfume,"Parfum DZ, AZZARO",true,Title,Default Title,,,,,,,,,0.0,shopify,100,deny,manual,13200.00,,true,false,,,,,,assets/product_images/AZZARO WANTED THE MOST PARFUM 100ML/bottle.webp,1,AZZARO WANTED THE MOST PARFUM 100ML,false,AZZARO WANTED THE MOST PARFUM 100ML,AZZARO WANTED THE MOST PARFUM 100ML,,assets/product_images/AZZARO WANTED THE MOST PARFUM 100ML/bottle.webp,kg,,,active
azzaro-wanted-the-most-parfum-100ml,,,,,,,,,,,,,,,,,,,,,,,,,,,,,,,,assets/product_images/AZZARO WANTED THE MOST PARFUM 100ML/image_2.webp,2,AZZARO WANTED THE MOST PARFUM 100ML,,,,,,,,,
azzaro-wanted-the-most-parfum-100ml,,,,,,,,,,,,,,,,,,,,,,,,,,,,,,,,assets/product_images/AZZARO WANTED THE MOST PARFUM 100ML/raw_1.png,3,AZZARO WANTED THE MOST PARFUM 100ML,,,,,,,,,
azzaro-wanted-the-most-parfum-100ml,,,,,,,,,,,,,,,,,,,,,,,,,,,,,,,,assets/product_images/AZZARO WANTED THE MOST PARFUM 100ML/raw_2.png,4,AZZARO WANTED THE MOST PARFUM 100ML,,,,,,,,,
boucheron-singulier-edp-100-ml,BOUCHERON SINGULIER EDP 100 ML,<p>BOUCHERON SINGULIER EDP 100 ML</p>,BOUCHERON,Health & Beauty > Personal Care > Cosmetics > Perfumes & Fragrances,Perfume,"Parfum DZ, BOUCHERON",true,Title,Default Title,,,,,,,,,0.0,shopify,100,deny,manual,8600.00,,true,false,,,,,,assets/product_images/BOUCHERON SINGULIER EDP 100 ML/bottle.webp,1,BOUCHERON SINGULIER EDP 100 ML,false,BOUCHERON SINGULIER EDP 100 ML,BOUCHERON SINGULIER EDP 100 ML,,assets/product_images/BOUCHERON SINGULIER EDP 100 ML/bottle.webp,kg,,,active
boucheron-singulier-edp-100-ml,,,,,,,,,,,,,,,,,,,,,,,,,,,,,,,,assets/product_images/BOUCHERON SINGULIER EDP 100 ML/image_2.webp,2,BOUCHERON SINGULIER EDP 100 ML,,,,,,,,,
boucheron-singulier-edp-100-ml,,,,,,,,,,,,,,,,,,,,,,,,,,,,,,,,assets/product_images/BOUCHERON SINGULIER EDP 100 ML/image_3.webp,3,BOUCHERON SINGULIER EDP 100 ML,,,,,,,,,
boucheron-singulier-edp-100-ml,,,,,,,,,,,,,,,,,,,,,,,,,,,,,,,,assets/product_images/BOUCHERON SINGULIER EDP 100 ML/raw_1.jpg,4,BOUCHERON SINGULIER EDP 100 ML,,,,,,,,,
boucheron-singulier-edp-100-ml,,,,,,,,,,,,,,,,,,,,,,,,,,,,,,,,assets/product_images/BOUCHERON SINGULIER EDP 100 ML/raw_2.jpg,5,BOUCHERON SINGULIER EDP 100 ML,,,,,,,,,
boucheron-singulier-edp-100-ml,,,,,,,,,,,,,,,,,,,,,,,,,,,,,,,,assets/product_images/BOUCHERON SINGULIER EDP 100 ML/raw_3.jpg,6,BOUCHERON SINGULIER EDP 100 ML,,,,,,,,,
carolina-herrera-chic-homme-edt-100ml,CAROLINA HERRERA CHIC HOMME EDT 100ML,<p>CAROLINA HERRERA CHIC HOMME EDT 100ML</p>,CAROLINA HERRERA,Health & Beauty > Personal Care > Cosmetics > Perfumes & Fragrances,Perfume,"Parfum DZ, CAROLINA HERRERA",true,Title,Default Title,,,,,,,,,0.0,shopify,100,deny,manual,10800.00,,true,false,,,,,,assets/product_images/CAROLINA HERRERA CHIC HOMME EDT 100ML/bottle.webp,1,CAROLINA HERRERA CHIC HOMME EDT 100ML,false,CAROLINA HERRERA CHIC HOMME EDT 100ML,CAROLINA HERRERA CHIC HOMME EDT 100ML,,assets/product_images/CAROLINA HERRERA CHIC HOMME EDT 100ML/bottle.webp,kg,,,active
carolina-herrera-chic-homme-edt-100ml,,,,,,,,,,,,,,,,,,,,,,,,,,,,,,,,assets/product_images/CAROLINA HERRERA CHIC HOMME EDT 100ML/image_2.webp,2,CAROLINA HERRERA CHIC HOMME EDT 100ML,,,,,,,,,
carolina-herrera-chic-homme-edt-100ml,,,,,,,,,,,,,,,,,,,,,,,,,,,,,,,,assets/product_images/CAROLINA HERRERA CHIC HOMME EDT 100ML/image_3.webp,3,CAROLINA HERRERA CHIC HOMME EDT 100ML,,,,,,,,,
carolina-herrera-chic-homme-edt-100ml,,,,,,,,,,,,,,,,,,,,,,,,,,,,,,,,assets/product_images/CAROLINA HERRERA CHIC HOMME EDT 100ML/raw_1.jpg,4,CAROLINA HERRERA CHIC HOMME EDT 100ML,,,,,,,,,
carolina-herrera-chic-homme-edt-100ml,,,,,,,,,,,,,,,,,,,,,,,,,,,,,,,,assets/product_images/CAROLINA HERRERA CHIC HOMME EDT 100ML/raw_2.jpg,5,CAROLINA HERRERA CHIC HOMME EDT 100ML,,,,,,,,,
carolina-herrera-chic-homme-edt-100ml,,,,,,,,,,,,,,,,,,,,,,,,,,,,,,,,assets/product_images/CAROLINA HERRERA CHIC HOMME EDT 100ML/raw_3.jpg,6,CAROLINA HERRERA CHIC HOMME EDT 100ML,,,,,,,,,
chopard-black-incence-malakie-edp-80ml,CHOPARD BLACK INCENCE MALAKIE EDP 80ML,<p>CHOPARD BLACK INCENCE MALAKIE EDP 80ML</p>,CHOPARD,Health & Beauty > Personal Care > Cosmetics > Perfumes & Fragrances,Perfume,"Parfum DZ, CHOPARD",true,Title,Default Title,,,,,,,,,0.0,shopify,100,deny,manual,12800.00,,true,false,,,,,,assets/product_images/CHOPARD BLACK INCENCE MALAKIE EDP 80ML/bottle.webp,1,CHOPARD BLACK INCENCE MALAKIE EDP 80ML,false,CHOPARD BLACK INCENCE MALAKIE EDP 80ML,CHOPARD BLACK INCENCE MALAKIE EDP 80ML,,assets/product_images/CHOPARD BLACK INCENCE MALAKIE EDP 80ML/bottle.webp,kg,,,active
chopard-black-incence-malakie-edp-80ml,,,,,,,,,,,,,,,,,,,,,,,,,,,,,,,,assets/product_images/CHOPARD BLACK INCENCE MALAKIE EDP 80ML/image_2.webp,2,CHOPARD BLACK INCENCE MALAKIE EDP 80ML,,,,,,,,,
chopard-black-incence-malakie-edp-80ml,,,,,,,,,,,,,,,,,,,,,,,,,,,,,,,,assets/product_images/CHOPARD BLACK INCENCE MALAKIE EDP 80ML/raw_1.png,3,CHOPARD BLACK INCENCE MALAKIE EDP 80ML,,,,,,,,,
chopard-black-incence-malakie-edp-80ml,,,,,,,,,,,,,,,,,,,,,,,,,,,,,,,,assets/product_images/CHOPARD BLACK INCENCE MALAKIE EDP 80ML/raw_2.png,4,CHOPARD BLACK INCENCE MALAKIE EDP 80ML,,,,,,,,,
chopard-oud-malaki-edp-80ml,CHOPARD OUD MALAKI EDP 80ML,<p>CHOPARD OUD MALAKI EDP 80ML</p>,CHOPARD,Health & Beauty > Personal Care > Cosmetics > Perfumes & Fragrances,Perfume,"Parfum DZ, CHOPARD",true,Title,Default Title,,,,,,,,,0.0,shopify,100,deny,manual,12200.00,,true,false,,,,,,assets/product_images/CHOPARD OUD MALAKI EDP 80ML/bottle.webp,1,CHOPARD OUD MALAKI EDP 80ML,false,CHOPARD OUD MALAKI EDP 80ML,CHOPARD OUD MALAKI EDP 80ML,,assets/product_images/CHOPARD OUD MALAKI EDP 80ML/bottle.webp,kg,,,active
chopard-oud-malaki-edp-80ml,,,,,,,,,,,,,,,,,,,,,,,,,,,,,,,,assets/product_images/CHOPARD OUD MALAKI EDP 80ML/image_2.webp,2,CHOPARD OUD MALAKI EDP 80ML,,,,,,,,,
chopard-oud-malaki-edp-80ml,,,,,,,,,,,,,,,,,,,,,,,,,,,,,,,,assets/product_images/CHOPARD OUD MALAKI EDP 80ML/raw_1.png,3,CHOPARD OUD MALAKI EDP 80ML,,,,,,,,,
chopard-oud-malaki-edp-80ml,,,,,,,,,,,,,,,,,,,,,,,,,,,,,,,,assets/product_images/CHOPARD OUD MALAKI EDP 80ML/raw_2.png,4,CHOPARD OUD MALAKI EDP 80ML,,,,,,,,,
ck-in2u-edt-150ml,CK IN2U EDT 150ML,<p>CK IN2U EDT 150ML</p>,CK,Health & Beauty > Personal Care > Cosmetics > Perfumes & Fragrances,Perfume,"Parfum DZ, CK",true,Title,Default Title,,,,,,,,,0.0,shopify,100,deny,manual,6000.00,,true,false,,,,,,assets/product_images/CK IN2U EDT 150ML/bottle.webp,1,CK IN2U EDT 150ML,false,CK IN2U EDT 150ML,CK IN2U EDT 150ML,,assets/product_images/CK IN2U EDT 150ML/bottle.webp,kg,,,active
ck-in2u-edt-150ml,,,,,,,,,,,,,,,,,,,,,,,,,,,,,,,,assets/product_images/CK IN2U EDT 150ML/image_2.webp,2,CK IN2U EDT 150ML,,,,,,,,,
ck-in2u-edt-150ml,,,,,,,,,,,,,,,,,,,,,,,,,,,,,,,,assets/product_images/CK IN2U EDT 150ML/raw_1.jpg,3,CK IN2U EDT 150ML,,,,,,,,,
ck-in2u-edt-150ml,,,,,,,,,,,,,,,,,,,,,,,,,,,,,,,,assets/product_images/CK IN2U EDT 150ML/raw_2.jpg,4,CK IN2U EDT 150ML,,,,,,,,,
ck-one-edt-200ml,CK ONE EDT 200ML,<p>CK ONE EDT 200ML</p>,CK,Health & Beauty > Personal Care > Cosmetics > Perfumes & Fragrances,Perfume,"Parfum DZ, CK",true,Title,Default Title,,,,,,,,,0.0,shopify,100,deny,manual,8200.00,,true,false,,,,,,assets/product_images/CK ONE EDT 200ML/bottle.webp,1,CK ONE EDT 200ML,false,CK ONE EDT 200ML,CK ONE EDT 200ML,,assets/product_images/CK ONE EDT 200ML/bottle.webp,kg,,,active
ck-one-edt-200ml,,,,,,,,,,,,,,,,,,,,,,,,,,,,,,,,assets/product_images/CK ONE EDT 200ML/image_2.webp,2,CK ONE EDT 200ML,,,,,,,,,
ck-one-edt-200ml,,,,,,,,,,,,,,,,,,,,,,,,,,,,,,,,assets/product_images/CK ONE EDT 200ML/image_4.webp,3,CK ONE EDT 200ML,,,,,,,,,
ck-one-edt-200ml,,,,,,,,,,,,,,,,,,,,,,,,,,,,,,,,assets/product_images/CK ONE EDT 200ML/raw_1.jpg,4,CK ONE EDT 200ML,,,,,,,,,
ck-one-edt-200ml,,,,,,,,,,,,,,,,,,,,,,,,,,,,,,,,assets/product_images/CK ONE EDT 200ML/raw_2.jpg,5,CK ONE EDT 200ML,,,,,,,,,
ck-one-edt-200ml,,,,,,,,,,,,,,,,,,,,,,,,,,,,,,,,assets/product_images/CK ONE EDT 200ML/raw_4.jpg,6,CK ONE EDT 200ML,,,,,,,,,
clinique-happy-cologne-for-men-edt-100ml,CLINIQUE HAPPY COLOGNE FOR MEN EDT 100ML,<p>CLINIQUE HAPPY COLOGNE FOR MEN EDT 100ML</p>,CLINIQUE HAPPY,Health & Beauty > Personal Care > Cosmetics > Perfumes & Fragrances,Perfume,"Parfum DZ, CLINIQUE HAPPY",true,Title,Default Title,,,,,,,,,0.0,shopify,100,deny,manual,5800.00,,true,false,,,,,,assets/product_images/CLINIQUE HAPPY COLOGNE FOR MEN EDT 100ML/bottle.webp,1,CLINIQUE HAPPY COLOGNE FOR MEN EDT 100ML,false,CLINIQUE HAPPY COLOGNE FOR MEN EDT 100ML,CLINIQUE HAPPY COLOGNE FOR MEN EDT 100ML,,assets/product_images/CLINIQUE HAPPY COLOGNE FOR MEN EDT 100ML/bottle.webp,kg,,,active
clinique-happy-cologne-for-men-edt-100ml,,,,,,,,,,,,,,,,,,,,,,,,,,,,,,,,assets/product_images/CLINIQUE HAPPY COLOGNE FOR MEN EDT 100ML/raw_1.jpg,2,CLINIQUE HAPPY COLOGNE FOR MEN EDT 100ML,,,,,,,,,
dior-homme-intense-edp-150ml,DIOR HOMME INTENSE EDP 150ML,<p>DIOR HOMME INTENSE EDP 150ML</p>,DIOR,Health & Beauty > Personal Care > Cosmetics > Perfumes & Fragrances,Perfume,"Parfum DZ, DIOR",true,Title,Default Title,,,,,,,,,0.0,shopify,100,deny,manual,31000.00,,true,false,,,,,,assets/product_images/DIOR HOMME INTENSE EDP 150ML/bottle.webp,1,DIOR HOMME INTENSE EDP 150ML,false,DIOR HOMME INTENSE EDP 150ML,DIOR HOMME INTENSE EDP 150ML,,assets/product_images/DIOR HOMME INTENSE EDP 150ML/bottle.webp,kg,,,active
dior-homme-intense-edp-150ml,,,,,,,,,,,,,,,,,,,,,,,,,,,,,,,,assets/product_images/DIOR HOMME INTENSE EDP 150ML/image_2.webp,2,DIOR HOMME INTENSE EDP 150ML,,,,,,,,,
dior-homme-intense-edp-150ml,,,,,,,,,,,,,,,,,,,,,,,,,,,,,,,,assets/product_images/DIOR HOMME INTENSE EDP 150ML/raw_1.png,3,DIOR HOMME INTENSE EDP 150ML,,,,,,,,,
dior-homme-intense-edp-150ml,,,,,,,,,,,,,,,,,,,,,,,,,,,,,,,,assets/product_images/DIOR HOMME INTENSE EDP 150ML/raw_2.jpg,4,DIOR HOMME INTENSE EDP 150ML,,,,,,,,,
dior-homme-parfum-125ml,DIOR HOMME PARFUM 125ML,<p>DIOR HOMME PARFUM 125ML</p>,DIOR,Health & Beauty > Personal Care > Cosmetics > Perfumes & Fragrances,Perfume,"Parfum DZ, DIOR",true,Title,Default Title,,,,,,,,,0.0,shopify,100,deny,manual,35000.00,,true,false,,,,,,assets/product_images/DIOR HOMME PARFUM 125ML/bottle.webp,1,DIOR HOMME PARFUM 125ML,false,DIOR HOMME PARFUM 125ML,DIOR HOMME PARFUM 125ML,,assets/product_images/DIOR HOMME PARFUM 125ML/bottle.webp,kg,,,active
dior-homme-parfum-125ml,,,,,,,,,,,,,,,,,,,,,,,,,,,,,,,,assets/product_images/DIOR HOMME PARFUM 125ML/image_2.webp,2,DIOR HOMME PARFUM 125ML,,,,,,,,,
dior-homme-parfum-125ml,,,,,,,,,,,,,,,,,,,,,,,,,,,,,,,,assets/product_images/DIOR HOMME PARFUM 125ML/raw_1.jpg,3,DIOR HOMME PARFUM 125ML,,,,,,,,,
dior-homme-parfum-125ml,,,,,,,,,,,,,,,,,,,,,,,,,,,,,,,,assets/product_images/DIOR HOMME PARFUM 125ML/raw_2.jpg,4,DIOR HOMME PARFUM 125ML,,,,,,,,,
dior-homme-sport-edt-200ml,DIOR HOMME SPORT EDT 200ML,<p>DIOR HOMME SPORT EDT 200ML</p>,DIOR,Health & Beauty > Personal Care > Cosmetics > Perfumes & Fragrances,Perfume,"Parfum DZ, DIOR",true,Title,Default Title,,,,,,,,,0.0,shopify,100,deny,manual,33000.00,,true,false,,,,,,assets/product_images/DIOR HOMME SPORT EDT 200ML/bottle.webp,1,DIOR HOMME SPORT EDT 200ML,false,DIOR HOMME SPORT EDT 200ML,DIOR HOMME SPORT EDT 200ML,,assets/product_images/DIOR HOMME SPORT EDT 200ML/bottle.webp,kg,,,active
dior-homme-sport-edt-200ml,,,,,,,,,,,,,,,,,,,,,,,,,,,,,,,,assets/product_images/DIOR HOMME SPORT EDT 200ML/image_2.webp,2,DIOR HOMME SPORT EDT 200ML,,,,,,,,,
dior-homme-sport-edt-200ml,,,,,,,,,,,,,,,,,,,,,,,,,,,,,,,,assets/product_images/DIOR HOMME SPORT EDT 200ML/image_3.webp,3,DIOR HOMME SPORT EDT 200ML,,,,,,,,,
dior-homme-sport-edt-200ml,,,,,,,,,,,,,,,,,,,,,,,,,,,,,,,,assets/product_images/DIOR HOMME SPORT EDT 200ML/raw_1.jpg,4,DIOR HOMME SPORT EDT 200ML,,,,,,,,,
dior-homme-sport-edt-200ml,,,,,,,,,,,,,,,,,,,,,,,,,,,,,,,,assets/product_images/DIOR HOMME SPORT EDT 200ML/raw_2.jpg,5,DIOR HOMME SPORT EDT 200ML,,,,,,,,,
dior-homme-sport-edt-200ml,,,,,,,,,,,,,,,,,,,,,,,,,,,,,,,,assets/product_images/DIOR HOMME SPORT EDT 200ML/raw_3.jpg,6,DIOR HOMME SPORT EDT 200ML,,,,,,,,,
dior-sauvage-edt-100ml,DIOR SAUVAGE EDT 100ML,<p>DIOR SAUVAGE EDT 100ML</p>,DIOR,Health & Beauty > Personal Care > Cosmetics > Perfumes & Fragrances,Perfume,"Parfum DZ, DIOR",true,Title,Default Title,,,,,,,,,0.0,shopify,100,deny,manual,20500.00,,true,false,,,,,,assets/product_images/DIOR SAUVAGE EDT 100ML/bottle.webp,1,DIOR SAUVAGE EDT 100ML,false,DIOR SAUVAGE EDT 100ML,DIOR SAUVAGE EDT 100ML,,assets/product_images/DIOR SAUVAGE EDT 100ML/bottle.webp,kg,,,active
dior-sauvage-edt-100ml,,,,,,,,,,,,,,,,,,,,,,,,,,,,,,,,assets/product_images/DIOR SAUVAGE EDT 100ML/image_2.webp,2,DIOR SAUVAGE EDT 100ML,,,,,,,,,
dior-sauvage-edt-100ml,,,,,,,,,,,,,,,,,,,,,,,,,,,,,,,,assets/product_images/DIOR SAUVAGE EDT 100ML/image_3.webp,3,DIOR SAUVAGE EDT 100ML,,,,,,,,,
dior-sauvage-edt-100ml,,,,,,,,,,,,,,,,,,,,,,,,,,,,,,,,assets/product_images/DIOR SAUVAGE EDT 100ML/raw_1.jpg,4,DIOR SAUVAGE EDT 100ML,,,,,,,,,
dior-sauvage-edt-100ml,,,,,,,,,,,,,,,,,,,,,,,,,,,,,,,,assets/product_images/DIOR SAUVAGE EDT 100ML/raw_2.jpg,5,DIOR SAUVAGE EDT 100ML,,,,,,,,,
dior-sauvage-edt-100ml,,,,,,,,,,,,,,,,,,,,,,,,,,,,,,,,assets/product_images/DIOR SAUVAGE EDT 100ML/raw_3.jpg,6,DIOR SAUVAGE EDT 100ML,,,,,,,,,
dior-cologne-homme-edc-200ml,DIOR COLOGNE HOMME EDC 200ML,<p>DIOR COLOGNE HOMME EDC 200ML</p>,DIOR,Health & Beauty > Personal Care > Cosmetics > Perfumes & Fragrances,Perfume,"Parfum DZ, DIOR",true,Title,Default Title,,,,,,,,,0.0,shopify,100,deny,manual,33000.00,,true,false,,,,,,assets/product_images/DIOR COLOGNE HOMME EDC 200ML/bottle.webp,1,DIOR COLOGNE HOMME EDC 200ML,false,DIOR COLOGNE HOMME EDC 200ML,DIOR COLOGNE HOMME EDC 200ML,,assets/product_images/DIOR COLOGNE HOMME EDC 200ML/bottle.webp,kg,,,active
dior-cologne-homme-edc-200ml,,,,,,,,,,,,,,,,,,,,,,,,,,,,,,,,assets/product_images/DIOR COLOGNE HOMME EDC 200ML/image_2.webp,2,DIOR COLOGNE HOMME EDC 200ML,,,,,,,,,
dior-cologne-homme-edc-200ml,,,,,,,,,,,,,,,,,,,,,,,,,,,,,,,,assets/product_images/DIOR COLOGNE HOMME EDC 200ML/image_3.webp,3,DIOR COLOGNE HOMME EDC 200ML,,,,,,,,,
dior-cologne-homme-edc-200ml,,,,,,,,,,,,,,,,,,,,,,,,,,,,,,,,assets/product_images/DIOR COLOGNE HOMME EDC 200ML/raw_1.jpg,4,DIOR COLOGNE HOMME EDC 200ML,,,,,,,,,
dior-cologne-homme-edc-200ml,,,,,,,,,,,,,,,,,,,,,,,,,,,,,,,,assets/product_images/DIOR COLOGNE HOMME EDC 200ML/raw_2.jpg,5,DIOR COLOGNE HOMME EDC 200ML,,,,,,,,,
dior-cologne-homme-edc-200ml,,,,,,,,,,,,,,,,,,,,,,,,,,,,,,,,assets/product_images/DIOR COLOGNE HOMME EDC 200ML/raw_3.jpg,6,DIOR COLOGNE HOMME EDC 200ML,,,,,,,,,
emporio-armani-stronger-with-you-powerfully-edp-100ml,EMPORIO ARMANI STRONGER WITH YOU POWERFULLY EDP 100ML,<p>EMPORIO ARMANI STRONGER WITH YOU POWERFULLY EDP 100ML</p>,EMPORIO ARMANI,Health & Beauty > Personal Care > Cosmetics > Perfumes & Fragrances,Perfume,"Parfum DZ, EMPORIO ARMANI",true,Title,Default Title,,,,,,,,,0.0,shopify,100,deny,manual,20200.00,,true,false,,,,,,assets/product_images/EMPORIO ARMANI STRONGER WITH YOU POWERFULLY EDP 100ML/image_2.webp,1,EMPORIO ARMANI STRONGER WITH YOU POWERFULLY EDP 100ML,false,EMPORIO ARMANI STRONGER WITH YOU POWERFULLY EDP 100ML,EMPORIO ARMANI STRONGER WITH YOU POWERFULLY EDP 100ML,,assets/product_images/EMPORIO ARMANI STRONGER WITH YOU POWERFULLY EDP 100ML/image_2.webp,kg,,,active
emporio-armani-stronger-with-you-powerfully-edp-100ml,,,,,,,,,,,,,,,,,,,,,,,,,,,,,,,,assets/product_images/EMPORIO ARMANI STRONGER WITH YOU POWERFULLY EDP 100ML/image_3.webp,2,EMPORIO ARMANI STRONGER WITH YOU POWERFULLY EDP 100ML,,,,,,,,,
emporio-armani-stronger-with-you-powerfully-edp-100ml,,,,,,,,,,,,,,,,,,,,,,,,,,,,,,,,assets/product_images/EMPORIO ARMANI STRONGER WITH YOU POWERFULLY EDP 100ML/image_4.webp,3,EMPORIO ARMANI STRONGER WITH YOU POWERFULLY EDP 100ML,,,,,,,,,
emporio-armani-stronger-with-you-powerfully-edp-100ml,,,,,,,,,,,,,,,,,,,,,,,,,,,,,,,,assets/product_images/EMPORIO ARMANI STRONGER WITH YOU POWERFULLY EDP 100ML/image_5.webp,4,EMPORIO ARMANI STRONGER WITH YOU POWERFULLY EDP 100ML,,,,,,,,,
emporio-armani-stronger-with-you-powerfully-edp-100ml,,,,,,,,,,,,,,,,,,,,,,,,,,,,,,,,assets/product_images/EMPORIO ARMANI STRONGER WITH YOU POWERFULLY EDP 100ML/raw_2.jpg,5,EMPORIO ARMANI STRONGER WITH YOU POWERFULLY EDP 100ML,,,,,,,,,
emporio-armani-stronger-with-you-powerfully-edp-100ml,,,,,,,,,,,,,,,,,,,,,,,,,,,,,,,,assets/product_images/EMPORIO ARMANI STRONGER WITH YOU POWERFULLY EDP 100ML/raw_3.jpg,6,EMPORIO ARMANI STRONGER WITH YOU POWERFULLY EDP 100ML,,,,,,,,,
emporio-armani-stronger-with-you-powerfully-edp-100ml,,,,,,,,,,,,,,,,,,,,,,,,,,,,,,,,assets/product_images/EMPORIO ARMANI STRONGER WITH YOU POWERFULLY EDP 100ML/raw_4.jpg,7,EMPORIO ARMANI STRONGER WITH YOU POWERFULLY EDP 100ML,,,,,,,,,
emporio-armani-stronger-with-you-powerfully-edp-100ml,,,,,,,,,,,,,,,,,,,,,,,,,,,,,,,,assets/product_images/EMPORIO ARMANI STRONGER WITH YOU POWERFULLY EDP 100ML/raw_5.jpg,8,EMPORIO ARMANI STRONGER WITH YOU POWERFULLY EDP 100ML,,,,,,,,,
encens-mythique-edp-125ml,ENCENS MYTHIQUE EDP 125ML,<p>ENCENS MYTHIQUE EDP 125ML</p>,ENCENS,Health & Beauty > Personal Care > Cosmetics > Perfumes & Fragrances,Perfume,"Parfum DZ, ENCENS",true,Title,Default Title,,,,,,,,,0.0,shopify,100,deny,manual,19200.00,,true,false,,,,,,assets/product_images/ENCENS MYTHIQUE EDP 125ML/bottle.webp,1,ENCENS MYTHIQUE EDP 125ML,false,ENCENS MYTHIQUE EDP 125ML,ENCENS MYTHIQUE EDP 125ML,,assets/product_images/ENCENS MYTHIQUE EDP 125ML/bottle.webp,kg,,,active
encens-mythique-edp-125ml,,,,,,,,,,,,,,,,,,,,,,,,,,,,,,,,assets/product_images/ENCENS MYTHIQUE EDP 125ML/image_2.webp,2,ENCENS MYTHIQUE EDP 125ML,,,,,,,,,
encens-mythique-edp-125ml,,,,,,,,,,,,,,,,,,,,,,,,,,,,,,,,assets/product_images/ENCENS MYTHIQUE EDP 125ML/image_3.webp,3,ENCENS MYTHIQUE EDP 125ML,,,,,,,,,
encens-mythique-edp-125ml,,,,,,,,,,,,,,,,,,,,,,,,,,,,,,,,assets/product_images/ENCENS MYTHIQUE EDP 125ML/raw_1.jpg,4,ENCENS MYTHIQUE EDP 125ML,,,,,,,,,
encens-mythique-edp-125ml,,,,,,,,,,,,,,,,,,,,,,,,,,,,,,,,assets/product_images/ENCENS MYTHIQUE EDP 125ML/raw_2.jpg,5,ENCENS MYTHIQUE EDP 125ML,,,,,,,,,
encens-mythique-edp-125ml,,,,,,,,,,,,,,,,,,,,,,,,,,,,,,,,assets/product_images/ENCENS MYTHIQUE EDP 125ML/raw_3.jpg,6,ENCENS MYTHIQUE EDP 125ML,,,,,,,,,
givenchy-blue-label-edt-100ml,GIVENCHY BLUE LABEL EDT 100ML,<p>GIVENCHY BLUE LABEL EDT 100ML</p>,GIVENCHY,Health & Beauty > Personal Care > Cosmetics > Perfumes & Fragrances,Perfume,"Parfum DZ, GIVENCHY",true,Title,Default Title,,,,,,,,,0.0,shopify,100,deny,manual,11500.00,,true,false,,,,,,assets/product_images/GIVENCHY BLUE LABEL EDT 100ML/bottle.webp,1,GIVENCHY BLUE LABEL EDT 100ML,false,GIVENCHY BLUE LABEL EDT 100ML,GIVENCHY BLUE LABEL EDT 100ML,,assets/product_images/GIVENCHY BLUE LABEL EDT 100ML/bottle.webp,kg,,,active
givenchy-blue-label-edt-100ml,,,,,,,,,,,,,,,,,,,,,,,,,,,,,,,,assets/product_images/GIVENCHY BLUE LABEL EDT 100ML/image_2.webp,2,GIVENCHY BLUE LABEL EDT 100ML,,,,,,,,,
givenchy-blue-label-edt-100ml,,,,,,,,,,,,,,,,,,,,,,,,,,,,,,,,assets/product_images/GIVENCHY BLUE LABEL EDT 100ML/raw_1.jpg,3,GIVENCHY BLUE LABEL EDT 100ML,,,,,,,,,
givenchy-blue-label-edt-100ml,,,,,,,,,,,,,,,,,,,,,,,,,,,,,,,,assets/product_images/GIVENCHY BLUE LABEL EDT 100ML/raw_2.jpg,4,GIVENCHY BLUE LABEL EDT 100ML,,,,,,,,,
guerlain-lhomme-ideal-intense-edp-100ml,GUERLAIN L'HOMME IDEAL INTENSE EDP 100ML,<p>GUERLAIN L'HOMME IDEAL INTENSE EDP 100ML</p>,GUERLAIN,Health & Beauty > Personal Care > Cosmetics > Perfumes & Fragrances,Perfume,"Parfum DZ, GUERLAIN",true,Title,Default Title,,,,,,,,,0.0,shopify,100,deny,manual,15500.00,,true,false,,,,,,assets/product_images/GUERLAIN L'HOMME IDEAL INTENSE EDP 100ML/bottle.webp,1,GUERLAIN L'HOMME IDEAL INTENSE EDP 100ML,false,GUERLAIN L'HOMME IDEAL INTENSE EDP 100ML,GUERLAIN L'HOMME IDEAL INTENSE EDP 100ML,,assets/product_images/GUERLAIN L'HOMME IDEAL INTENSE EDP 100ML/bottle.webp,kg,,,active
guerlain-lhomme-ideal-intense-edp-100ml,,,,,,,,,,,,,,,,,,,,,,,,,,,,,,,,assets/product_images/GUERLAIN L'HOMME IDEAL INTENSE EDP 100ML/image_2.webp,2,GUERLAIN L'HOMME IDEAL INTENSE EDP 100ML,,,,,,,,,
guerlain-lhomme-ideal-intense-edp-100ml,,,,,,,,,,,,,,,,,,,,,,,,,,,,,,,,assets/product_images/GUERLAIN L'HOMME IDEAL INTENSE EDP 100ML/image_3.webp,3,GUERLAIN L'HOMME IDEAL INTENSE EDP 100ML,,,,,,,,,
guerlain-lhomme-ideal-intense-edp-100ml,,,,,,,,,,,,,,,,,,,,,,,,,,,,,,,,assets/product_images/GUERLAIN L'HOMME IDEAL INTENSE EDP 100ML/image_4.webp,4,GUERLAIN L'HOMME IDEAL INTENSE EDP 100ML,,,,,,,,,
guerlain-lhomme-ideal-intense-edp-100ml,,,,,,,,,,,,,,,,,,,,,,,,,,,,,,,,assets/product_images/GUERLAIN L'HOMME IDEAL INTENSE EDP 100ML/raw_1.jpg,5,GUERLAIN L'HOMME IDEAL INTENSE EDP 100ML,,,,,,,,,
guerlain-lhomme-ideal-intense-edp-100ml,,,,,,,,,,,,,,,,,,,,,,,,,,,,,,,,assets/product_images/GUERLAIN L'HOMME IDEAL INTENSE EDP 100ML/raw_2.jpg,6,GUERLAIN L'HOMME IDEAL INTENSE EDP 100ML,,,,,,,,,
guerlain-lhomme-ideal-intense-edp-100ml,,,,,,,,,,,,,,,,,,,,,,,,,,,,,,,,assets/product_images/GUERLAIN L'HOMME IDEAL INTENSE EDP 100ML/raw_3.jpg,7,GUERLAIN L'HOMME IDEAL INTENSE EDP 100ML,,,,,,,,,
guerlain-lhomme-ideal-intense-edp-100ml,,,,,,,,,,,,,,,,,,,,,,,,,,,,,,,,assets/product_images/GUERLAIN L'HOMME IDEAL INTENSE EDP 100ML/raw_4.jpg,8,GUERLAIN L'HOMME IDEAL INTENSE EDP 100ML,,,,,,,,,
guerlain-patchouli-arden-edp-125ml,GUERLAIN PATCHOULI ARDEN EDP 125ML,<p>GUERLAIN PATCHOULI ARDEN EDP 125ML</p>,GUERLAIN,Health & Beauty > Personal Care > Cosmetics > Perfumes & Fragrances,Perfume,"Parfum DZ, GUERLAIN",true,Title,Default Title,,,,,,,,,0.0,shopify,100,deny,manual,20500.00,,true,false,,,,,,assets/product_images/GUERLAIN PATCHOULI ARDEN EDP 125ML/bottle.webp,1,GUERLAIN PATCHOULI ARDEN EDP 125ML,false,GUERLAIN PATCHOULI ARDEN EDP 125ML,GUERLAIN PATCHOULI ARDEN EDP 125ML,,assets/product_images/GUERLAIN PATCHOULI ARDEN EDP 125ML/bottle.webp,kg,,,active
guerlain-patchouli-arden-edp-125ml,,,,,,,,,,,,,,,,,,,,,,,,,,,,,,,,assets/product_images/GUERLAIN PATCHOULI ARDEN EDP 125ML/image_2.webp,2,GUERLAIN PATCHOULI ARDEN EDP 125ML,,,,,,,,,
guerlain-patchouli-arden-edp-125ml,,,,,,,,,,,,,,,,,,,,,,,,,,,,,,,,assets/product_images/GUERLAIN PATCHOULI ARDEN EDP 125ML/image_3.webp,3,GUERLAIN PATCHOULI ARDEN EDP 125ML,,,,,,,,,
guerlain-patchouli-arden-edp-125ml,,,,,,,,,,,,,,,,,,,,,,,,,,,,,,,,assets/product_images/GUERLAIN PATCHOULI ARDEN EDP 125ML/raw_1.jpg,4,GUERLAIN PATCHOULI ARDEN EDP 125ML,,,,,,,,,
guerlain-patchouli-arden-edp-125ml,,,,,,,,,,,,,,,,,,,,,,,,,,,,,,,,assets/product_images/GUERLAIN PATCHOULI ARDEN EDP 125ML/raw_2.jpg,5,GUERLAIN PATCHOULI ARDEN EDP 125ML,,,,,,,,,
guerlain-patchouli-arden-edp-125ml,,,,,,,,,,,,,,,,,,,,,,,,,,,,,,,,assets/product_images/GUERLAIN PATCHOULI ARDEN EDP 125ML/raw_3.jpg,6,GUERLAIN PATCHOULI ARDEN EDP 125ML,,,,,,,,,
habit-rouge-edp-100ml,HABIT ROUGE EDP 100ML,<p>HABIT ROUGE EDP 100ML</p>,HABIT,Health & Beauty > Personal Care > Cosmetics > Perfumes & Fragrances,Perfume,"Parfum DZ, HABIT",true,Title,Default Title,,,,,,,,,0.0,shopify,100,deny,manual,15800.00,,true,false,,,,,,assets/product_images/HABIT ROUGE EDP 100ML/bottle.webp,1,HABIT ROUGE EDP 100ML,false,HABIT ROUGE EDP 100ML,HABIT ROUGE EDP 100ML,,assets/product_images/HABIT ROUGE EDP 100ML/bottle.webp,kg,,,active
habit-rouge-edp-100ml,,,,,,,,,,,,,,,,,,,,,,,,,,,,,,,,assets/product_images/HABIT ROUGE EDP 100ML/image_2.webp,2,HABIT ROUGE EDP 100ML,,,,,,,,,
habit-rouge-edp-100ml,,,,,,,,,,,,,,,,,,,,,,,,,,,,,,,,assets/product_images/HABIT ROUGE EDP 100ML/image_3.webp,3,HABIT ROUGE EDP 100ML,,,,,,,,,
habit-rouge-edp-100ml,,,,,,,,,,,,,,,,,,,,,,,,,,,,,,,,assets/product_images/HABIT ROUGE EDP 100ML/image_4.webp,4,HABIT ROUGE EDP 100ML,,,,,,,,,
habit-rouge-edp-100ml,,,,,,,,,,,,,,,,,,,,,,,,,,,,,,,,assets/product_images/HABIT ROUGE EDP 100ML/image_5.webp,5,HABIT ROUGE EDP 100ML,,,,,,,,,
habit-rouge-edp-100ml,,,,,,,,,,,,,,,,,,,,,,,,,,,,,,,,assets/product_images/HABIT ROUGE EDP 100ML/raw_1.jpg,6,HABIT ROUGE EDP 100ML,,,,,,,,,
habit-rouge-edp-100ml,,,,,,,,,,,,,,,,,,,,,,,,,,,,,,,,assets/product_images/HABIT ROUGE EDP 100ML/raw_2.jpg,7,HABIT ROUGE EDP 100ML,,,,,,,,,
habit-rouge-edp-100ml,,,,,,,,,,,,,,,,,,,,,,,,,,,,,,,,assets/product_images/HABIT ROUGE EDP 100ML/raw_3.jpg,8,HABIT ROUGE EDP 100ML,,,,,,,,,
habit-rouge-edp-100ml,,,,,,,,,,,,,,,,,,,,,,,,,,,,,,,,assets/product_images/HABIT ROUGE EDP 100ML/raw_4.jpg,9,HABIT ROUGE EDP 100ML,,,,,,,,,
habit-rouge-edp-100ml,,,,,,,,,,,,,,,,,,,,,,,,,,,,,,,,assets/product_images/HABIT ROUGE EDP 100ML/raw_5.jpg,10,HABIT ROUGE EDP 100ML,,,,,,,,,
hugo-boss-boss-bottled-night-edt-100ml,HUGO BOSS BOSS BOTTLED NIGHT EDT 100ML,<p>HUGO BOSS BOSS BOTTLED NIGHT EDT 100ML</p>,HUGO BOSS,Health & Beauty > Personal Care > Cosmetics > Perfumes & Fragrances,Perfume,"Parfum DZ, HUGO BOSS",true,Title,Default Title,,,,,,,,,0.0,shopify,100,deny,manual,8800.00,,true,false,,,,,,assets/product_images/HUGO BOSS BOSS BOTTLED NIGHT EDT 100ML/bottle.webp,1,HUGO BOSS BOSS BOTTLED NIGHT EDT 100ML,false,HUGO BOSS BOSS BOTTLED NIGHT EDT 100ML,HUGO BOSS BOSS BOTTLED NIGHT EDT 100ML,,assets/product_images/HUGO BOSS BOSS BOTTLED NIGHT EDT 100ML/bottle.webp,kg,,,active
hugo-boss-boss-bottled-night-edt-100ml,,,,,,,,,,,,,,,,,,,,,,,,,,,,,,,,assets/product_images/HUGO BOSS BOSS BOTTLED NIGHT EDT 100ML/image_2.webp,2,HUGO BOSS BOSS BOTTLED NIGHT EDT 100ML,,,,,,,,,
hugo-boss-boss-bottled-night-edt-100ml,,,,,,,,,,,,,,,,,,,,,,,,,,,,,,,,assets/product_images/HUGO BOSS BOSS BOTTLED NIGHT EDT 100ML/image_3.webp,3,HUGO BOSS BOSS BOTTLED NIGHT EDT 100ML,,,,,,,,,
hugo-boss-boss-bottled-night-edt-100ml,,,,,,,,,,,,,,,,,,,,,,,,,,,,,,,,assets/product_images/HUGO BOSS BOSS BOTTLED NIGHT EDT 100ML/image_4.webp,4,HUGO BOSS BOSS BOTTLED NIGHT EDT 100ML,,,,,,,,,
hugo-boss-boss-bottled-night-edt-100ml,,,,,,,,,,,,,,,,,,,,,,,,,,,,,,,,assets/product_images/HUGO BOSS BOSS BOTTLED NIGHT EDT 100ML/image_5.webp,5,HUGO BOSS BOSS BOTTLED NIGHT EDT 100ML,,,,,,,,,
hugo-boss-boss-bottled-night-edt-100ml,,,,,,,,,,,,,,,,,,,,,,,,,,,,,,,,assets/product_images/HUGO BOSS BOSS BOTTLED NIGHT EDT 100ML/raw_1.jpg,6,HUGO BOSS BOSS BOTTLED NIGHT EDT 100ML,,,,,,,,,
hugo-boss-boss-bottled-night-edt-100ml,,,,,,,,,,,,,,,,,,,,,,,,,,,,,,,,assets/product_images/HUGO BOSS BOSS BOTTLED NIGHT EDT 100ML/raw_2.jpg,7,HUGO BOSS BOSS BOTTLED NIGHT EDT 100ML,,,,,,,,,
hugo-boss-boss-bottled-night-edt-100ml,,,,,,,,,,,,,,,,,,,,,,,,,,,,,,,,assets/product_images/HUGO BOSS BOSS BOTTLED NIGHT EDT 100ML/raw_3.jpg,8,HUGO BOSS BOSS BOTTLED NIGHT EDT 100ML,,,,,,,,,
hugo-boss-boss-bottled-night-edt-100ml,,,,,,,,,,,,,,,,,,,,,,,,,,,,,,,,assets/product_images/HUGO BOSS BOSS BOTTLED NIGHT EDT 100ML/raw_4.jpg,9,HUGO BOSS BOSS BOTTLED NIGHT EDT 100ML,,,,,,,,,
hugo-boss-boss-bottled-night-edt-100ml,,,,,,,,,,,,,,,,,,,,,,,,,,,,,,,,assets/product_images/HUGO BOSS BOSS BOTTLED NIGHT EDT 100ML/raw_5.jpg,10,HUGO BOSS BOSS BOTTLED NIGHT EDT 100ML,,,,,,,,,
hugo-boss-superman-edp-125ml,HUGO BOSS SUPERMAN EDP 125ML,<p>HUGO BOSS SUPERMAN EDP 125ML</p>,HUGO BOSS,Health & Beauty > Personal Care > Cosmetics > Perfumes & Fragrances,Perfume,"Parfum DZ, HUGO BOSS",true,Title,Default Title,,,,,,,,,0.0,shopify,100,deny,manual,9500.00,,true,false,,,,,,assets/product_images/HUGO BOSS SUPERMAN EDP 125ML/bottle.webp,1,HUGO BOSS SUPERMAN EDP 125ML,false,HUGO BOSS SUPERMAN EDP 125ML,HUGO BOSS SUPERMAN EDP 125ML,,assets/product_images/HUGO BOSS SUPERMAN EDP 125ML/bottle.webp,kg,,,active
hugo-boss-superman-edp-125ml,,,,,,,,,,,,,,,,,,,,,,,,,,,,,,,,assets/product_images/HUGO BOSS SUPERMAN EDP 125ML/image_2.webp,2,HUGO BOSS SUPERMAN EDP 125ML,,,,,,,,,
hugo-boss-superman-edp-125ml,,,,,,,,,,,,,,,,,,,,,,,,,,,,,,,,assets/product_images/HUGO BOSS SUPERMAN EDP 125ML/image_3.webp,3,HUGO BOSS SUPERMAN EDP 125ML,,,,,,,,,
hugo-boss-superman-edp-125ml,,,,,,,,,,,,,,,,,,,,,,,,,,,,,,,,assets/product_images/HUGO BOSS SUPERMAN EDP 125ML/image_4.webp,4,HUGO BOSS SUPERMAN EDP 125ML,,,,,,,,,
hugo-boss-superman-edp-125ml,,,,,,,,,,,,,,,,,,,,,,,,,,,,,,,,assets/product_images/HUGO BOSS SUPERMAN EDP 125ML/raw_1.jpg,5,HUGO BOSS SUPERMAN EDP 125ML,,,,,,,,,
hugo-boss-superman-edp-125ml,,,,,,,,,,,,,,,,,,,,,,,,,,,,,,,,assets/product_images/HUGO BOSS SUPERMAN EDP 125ML/raw_2.jpg,6,HUGO BOSS SUPERMAN EDP 125ML,,,,,,,,,
hugo-boss-superman-edp-125ml,,,,,,,,,,,,,,,,,,,,,,,,,,,,,,,,assets/product_images/HUGO BOSS SUPERMAN EDP 125ML/raw_3.jpg,7,HUGO BOSS SUPERMAN EDP 125ML,,,,,,,,,
hugo-boss-superman-edp-125ml,,,,,,,,,,,,,,,,,,,,,,,,,,,,,,,,assets/product_images/HUGO BOSS SUPERMAN EDP 125ML/raw_4.jpg,8,HUGO BOSS SUPERMAN EDP 125ML,,,,,,,,,
hugo-boss-xy-edt-100ml,HUGO BOSS XY EDT 100ML,<p>HUGO BOSS XY EDT 100ML</p>,HUGO BOSS,Health & Beauty > Personal Care > Cosmetics > Perfumes & Fragrances,Perfume,"Parfum DZ, HUGO BOSS",true,Title,Default Title,,,,,,,,,0.0,shopify,100,deny,manual,7200.00,,true,false,,,,,,assets/product_images/HUGO BOSS XY EDT 100ML/image_2.webp,1,HUGO BOSS XY EDT 100ML,false,HUGO BOSS XY EDT 100ML,HUGO BOSS XY EDT 100ML,,assets/product_images/HUGO BOSS XY EDT 100ML/image_2.webp,kg,,,active
hugo-boss-xy-edt-100ml,,,,,,,,,,,,,,,,,,,,,,,,,,,,,,,,assets/product_images/HUGO BOSS XY EDT 100ML/image_3.webp,2,HUGO BOSS XY EDT 100ML,,,,,,,,,
hugo-boss-xy-edt-100ml,,,,,,,,,,,,,,,,,,,,,,,,,,,,,,,,assets/product_images/HUGO BOSS XY EDT 100ML/raw_2.jpg,3,HUGO BOSS XY EDT 100ML,,,,,,,,,
hugo-boss-xy-edt-100ml,,,,,,,,,,,,,,,,,,,,,,,,,,,,,,,,assets/product_images/HUGO BOSS XY EDT 100ML/raw_3.jpg,4,HUGO BOSS XY EDT 100ML,,,,,,,,,
jean-paul-gaultier-le-male-edt-125ml,JEAN PAUL GAULTIER LE MALE EDT 125ML,<p>JEAN PAUL GAULTIER LE MALE EDT 125ML</p>,JEAN PAUL GAULTIER,Health & Beauty > Personal Care > Cosmetics > Perfumes & Fragrances,Perfume,"Parfum DZ, JEAN PAUL GAULTIER",true,Title,Default Title,,,,,,,,,0.0,shopify,100,deny,manual,16200.00,,true,false,,,,,,assets/product_images/JEAN PAUL GAULTIER LE MALE EDT 125ML/image_2.webp,1,JEAN PAUL GAULTIER LE MALE EDT 125ML,false,JEAN PAUL GAULTIER LE MALE EDT 125ML,JEAN PAUL GAULTIER LE MALE EDT 125ML,,assets/product_images/JEAN PAUL GAULTIER LE MALE EDT 125ML/image_2.webp,kg,,,active
jean-paul-gaultier-le-male-edt-125ml,,,,,,,,,,,,,,,,,,,,,,,,,,,,,,,,assets/product_images/JEAN PAUL GAULTIER LE MALE EDT 125ML/image_3.webp,2,JEAN PAUL GAULTIER LE MALE EDT 125ML,,,,,,,,,
jean-paul-gaultier-le-male-edt-125ml,,,,,,,,,,,,,,,,,,,,,,,,,,,,,,,,assets/product_images/JEAN PAUL GAULTIER LE MALE EDT 125ML/raw_2.jpg,3,JEAN PAUL GAULTIER LE MALE EDT 125ML,,,,,,,,,
jean-paul-gaultier-le-male-edt-125ml,,,,,,,,,,,,,,,,,,,,,,,,,,,,,,,,assets/product_images/JEAN PAUL GAULTIER LE MALE EDT 125ML/raw_3.jpg,4,JEAN PAUL GAULTIER LE MALE EDT 125ML,,,,,,,,,
mont-blanc-explorer-edp-100ml,MONT BLANC EXPLORER EDP 100ML,<p>MONT BLANC EXPLORER EDP 100ML</p>,MONT BLANC,Health & Beauty > Personal Care > Cosmetics > Perfumes & Fragrances,Perfume,"Parfum DZ, MONT BLANC",true,Title,Default Title,,,,,,,,,0.0,shopify,100,deny,manual,10500.00,,true,false,,,,,,assets/product_images/MONT BLANC EXPLORER EDP 100ML/bottle.webp,1,MONT BLANC EXPLORER EDP 100ML,false,MONT BLANC EXPLORER EDP 100ML,MONT BLANC EXPLORER EDP 100ML,,assets/product_images/MONT BLANC EXPLORER EDP 100ML/bottle.webp,kg,,,active
mont-blanc-explorer-edp-100ml,,,,,,,,,,,,,,,,,,,,,,,,,,,,,,,,assets/product_images/MONT BLANC EXPLORER EDP 100ML/image_2.webp,2,MONT BLANC EXPLORER EDP 100ML,,,,,,,,,
mont-blanc-explorer-edp-100ml,,,,,,,,,,,,,,,,,,,,,,,,,,,,,,,,assets/product_images/MONT BLANC EXPLORER EDP 100ML/image_3.webp,3,MONT BLANC EXPLORER EDP 100ML,,,,,,,,,
mont-blanc-explorer-edp-100ml,,,,,,,,,,,,,,,,,,,,,,,,,,,,,,,,assets/product_images/MONT BLANC EXPLORER EDP 100ML/raw_1.jpg,4,MONT BLANC EXPLORER EDP 100ML,,,,,,,,,
mont-blanc-explorer-edp-100ml,,,,,,,,,,,,,,,,,,,,,,,,,,,,,,,,assets/product_images/MONT BLANC EXPLORER EDP 100ML/raw_2.jpg,5,MONT BLANC EXPLORER EDP 100ML,,,,,,,,,
mont-blanc-explorer-edp-100ml,,,,,,,,,,,,,,,,,,,,,,,,,,,,,,,,assets/product_images/MONT BLANC EXPLORER EDP 100ML/raw_3.jpg,6,MONT BLANC EXPLORER EDP 100ML,,,,,,,,,
prada-paradigme-edp-100ml,PRADA PARADIGME EDP 100ML,<p>PRADA PARADIGME EDP 100ML</p>,PRADA,Health & Beauty > Personal Care > Cosmetics > Perfumes & Fragrances,Perfume,"Parfum DZ, PRADA",true,Title,Default Title,,,,,,,,,0.0,shopify,100,deny,manual,22200.00,,true,false,,,,,,assets/product_images/PRADA PARADIGME EDP 100ML/bottle.webp,1,PRADA PARADIGME EDP 100ML,false,PRADA PARADIGME EDP 100ML,PRADA PARADIGME EDP 100ML,,assets/product_images/PRADA PARADIGME EDP 100ML/bottle.webp,kg,,,active
prada-paradigme-edp-100ml,,,,,,,,,,,,,,,,,,,,,,,,,,,,,,,,assets/product_images/PRADA PARADIGME EDP 100ML/image_2.webp,2,PRADA PARADIGME EDP 100ML,,,,,,,,,
prada-paradigme-edp-100ml,,,,,,,,,,,,,,,,,,,,,,,,,,,,,,,,assets/product_images/PRADA PARADIGME EDP 100ML/image_3.webp,3,PRADA PARADIGME EDP 100ML,,,,,,,,,
prada-paradigme-edp-100ml,,,,,,,,,,,,,,,,,,,,,,,,,,,,,,,,assets/product_images/PRADA PARADIGME EDP 100ML/raw_1.jpg,4,PRADA PARADIGME EDP 100ML,,,,,,,,,
prada-paradigme-edp-100ml,,,,,,,,,,,,,,,,,,,,,,,,,,,,,,,,assets/product_images/PRADA PARADIGME EDP 100ML/raw_2.jpg,5,PRADA PARADIGME EDP 100ML,,,,,,,,,
prada-paradigme-edp-100ml,,,,,,,,,,,,,,,,,,,,,,,,,,,,,,,,assets/product_images/PRADA PARADIGME EDP 100ML/raw_3.jpg,6,PRADA PARADIGME EDP 100ML,,,,,,,,,
yves-saint-laurent-my-slf-edp-100ml,YVES SAINT LAURENT MY SLF EDP 100ML,<p>YVES SAINT LAURENT MY SLF EDP 100ML</p>,YVES SAINT LAURENT,Health & Beauty > Personal Care > Cosmetics > Perfumes & Fragrances,Perfume,"Parfum DZ, YVES SAINT LAURENT",true,Title,Default Title,,,,,,,,,0.0,shopify,100,deny,manual,20800.00,,true,false,,,,,,assets/product_images/YVES SAINT LAURENT MY SLF EDP 100ML/bottle.webp,1,YVES SAINT LAURENT MY SLF EDP 100ML,false,YVES SAINT LAURENT MY SLF EDP 100ML,YVES SAINT LAURENT MY SLF EDP 100ML,,assets/product_images/YVES SAINT LAURENT MY SLF EDP 100ML/bottle.webp,kg,,,active
yves-saint-laurent-my-slf-edp-100ml,,,,,,,,,,,,,,,,,,,,,,,,,,,,,,,,assets/product_images/YVES SAINT LAURENT MY SLF EDP 100ML/image_2.webp,2,YVES SAINT LAURENT MY SLF EDP 100ML,,,,,,,,,
yves-saint-laurent-my-slf-edp-100ml,,,,,,,,,,,,,,,,,,,,,,,,,,,,,,,,assets/product_images/YVES SAINT LAURENT MY SLF EDP 100ML/raw_1.jpg,3,YVES SAINT LAURENT MY SLF EDP 100ML,,,,,,,,,
yves-saint-laurent-my-slf-edp-100ml,,,,,,,,,,,,,,,,,,,,,,,,,,,,,,,,assets/product_images/YVES SAINT LAURENT MY SLF EDP 100ML/raw_2.jpg,4,YVES SAINT LAURENT MY SLF EDP 100ML,,,,,,,,,
