Brand,Perfume Title,Volume (ML),Concentration,Prix Gros (DZD),Min Market Price (DZD),Max Market Price (DZD),Suggested Selling Price (DZD),Net Profit Margin (DZD),Profit Margin (%),Meta Ads Suitability
ENCENS,ENCENS MYTHIQUE EDP 125ML,125ML,EDP,"19,200 DZD","25,000 DZD","28,000 DZD","26,900 DZD","7,700 DZD",40.1%,🔥 TOP META ADS WINNER (High Margin Buffer)
GUERLAIN,GUERLAIN EPICES EXQUISES EDP 125ML,125ML,EDP,"19,200 DZD","26,500 DZD","28,000 DZD","26,900 DZD","7,700 DZD",40.1%,🔥 TOP META ADS WINNER (High Margin Buffer)
EMPORIO ARMANI,EMPORIO ARMANI STRONGER WITH YOU POWERFULLY EDP 100ML,100ML,EDP,"20,200 DZD","22,900 DZD","28,500 DZD","27,500 DZD","7,300 DZD",36.1%,🔥 TOP META ADS WINNER (High Margin Buffer)
DIOR,DIOR HOMME PARFUM 125ML,125ML,PARFUM,"35,000 DZD","6,262 DZD","42,500 DZD","41,500 DZD","6,500 DZD",18.6%,🔥 TOP META ADS WINNER (High Margin Buffer)
GUERLAIN,GUERLAIN PATCHOULI ARDEN EDP 125ML,125ML,EDP,"20,500 DZD","26,500 DZD","27,500 DZD","26,500 DZD","6,000 DZD",29.3%,🔥 TOP META ADS WINNER (High Margin Buffer)
DIOR,DIOR SAUVAGE ELEXIR EDP 100ML,100ML,ELIXIR,"39,500 DZD","6,262 DZD","46,500 DZD","45,500 DZD","6,000 DZD",15.2%,🔥 TOP META ADS WINNER (High Margin Buffer)
HUGO BOSS,HUGO BOSS SUPERMAN EDP 125ML,125ML,EDP,"9,500 DZD",N/A,"16,500 DZD","15,500 DZD","6,000 DZD",63.2%,🔥 TOP META ADS WINNER (High Margin Buffer)
CLINIQUE HAPPY,CLINIQUE HAPPY COLOGNE FOR MEN EDT 100ML,100ML,EDT,"5,800 DZD","9,000 DZD","12,800 DZD","11,900 DZD","6,100 DZD",105.2%,🔥 TOP META ADS WINNER (High Margin Buffer)
AZZARO,AZZARO WANTED BY NIGHT EDP 100ML,100ML,EDP,"13,800 DZD","18,500 DZD","20,500 DZD","19,500 DZD","5,700 DZD",41.3%,✅ GOOD META ADS POTENTIAL
ABSOLUS ALLEGORIA,ABSOLUS ALLEGORIA SANTAL ROYAL 125ML,125ML,,"21,000 DZD","26,500 DZD","27,500 DZD","26,500 DZD","5,500 DZD",26.2%,✅ GOOD META ADS POTENTIAL
DIOR,DIOR COLOGNE HOMME EDC 200ML,200ML,EDC,"33,000 DZD",N/A,"39,500 DZD","38,500 DZD","5,500 DZD",16.7%,✅ GOOD META ADS POTENTIAL
DIOR,DIOR HOMME INTENSE EDP 150ML,150ML,EDP,"31,000 DZD","6,262 DZD","37,500 DZD","36,500 DZD","5,500 DZD",17.7%,✅ GOOD META ADS POTENTIAL
DIOR,DIOR HOMME SPORT EDT 200ML,200ML,EDT,"33,000 DZD","39,000 DZD","39,500 DZD","38,500 DZD","5,500 DZD",16.7%,✅ GOOD META ADS POTENTIAL
ANTONIO BANDERAS,ANTONIO BANDERAS BLUE SEDUCTION EDT 200ML,200ML,EDT,"5,400 DZD",N/A,"11,800 DZD","10,900 DZD","5,500 DZD",101.9%,✅ GOOD META ADS POTENTIAL
PRADA,PRADA PARADIGME EDP 100ML,100ML,EDP,"22,200 DZD","28,000 DZD","28,500 DZD","27,500 DZD","5,300 DZD",23.9%,✅ GOOD META ADS POTENTIAL
YVES SAINT LAURENT,YVES SAINT LAURENT LA NUIT DE L'HOMME EDT 100ML,100ML,EDT,"15,800 DZD","19,800 DZD","22,000 DZD","20,900 DZD","5,100 DZD",32.3%,✅ GOOD META ADS POTENTIAL
HUGO BOSS,HUGO BOSS XY EDT 100ML,100ML,EDT,"7,200 DZD","12,500 DZD","13,200 DZD","11,900 DZD","4,700 DZD",65.3%,✅ GOOD META ADS POTENTIAL
DOLCE GABBANA,DOLCE GABBANA KING EDP 100 ML,100ML,EDP,"14,000 DZD","14,500 DZD","19,800 DZD","18,900 DZD","4,900 DZD",35.0%,✅ GOOD META ADS POTENTIAL
JEAN PAUL GAULTIER,JEAN PAUL GAULTIER SCANDALE PARFUM 150ML,150ML,PARFUM,"24,200 DZD","6,262 DZD","29,900 DZD","28,900 DZD","4,700 DZD",19.4%,✅ GOOD META ADS POTENTIAL
AZZARO,AZZARO THE MOST WANTED EDP 100ML,100ML,EDP,"13,200 DZD","6,000 DZD","18,800 DZD","17,900 DZD","4,700 DZD",35.6%,✅ GOOD META ADS POTENTIAL
GIVENCHY,GIVENCHY BLUE LABEL EDT 100ML,100ML,EDT,"11,500 DZD","14,500 DZD","17,000 DZD","15,900 DZD","4,400 DZD",38.3%,⚡ SCALING / VOLUME (Low Margin Buffer)
AZZARO,AZZARO THE MOST WANTED PARFUM 100ML,100ML,PARFUM,"14,500 DZD","6,000 DZD","20,000 DZD","18,900 DZD","4,400 DZD",30.3%,⚡ SCALING / VOLUME (Low Margin Buffer)
JEAN PAUL GAULTIER,JEAN PAUL GAULTIER LE MALE EDT 125ML,125ML,EDT,"16,200 DZD","5,000 DZD","21,500 DZD","20,500 DZD","4,300 DZD",26.5%,⚡ SCALING / VOLUME (Low Margin Buffer)
ABSOLUS ALLEGORIA,ABSOLUS ALLEGORIA OUD ESSENTIEL EDP 125ML,125ML,EDP,"21,800 DZD","26,500 DZD","27,000 DZD","25,900 DZD","4,100 DZD",18.8%,⚡ SCALING / VOLUME (Low Margin Buffer)
HUGO BOSS,HUGO BOSS BOSS BOTTLED NIGHT EDT 100ML,100ML,EDT,"8,800 DZD","13,500 DZD","14,000 DZD","12,900 DZD","4,100 DZD",46.6%,⚡ SCALING / VOLUME (Low Margin Buffer)
YVES SAINT LAURENT,YVES SAINT LAURENT L'HOMME EDT 100ML,100ML,EDT,"15,800 DZD","19,800 DZD","21,000 DZD","19,900 DZD","4,100 DZD",25.9%,⚡ SCALING / VOLUME (Low Margin Buffer)
CK,CK IN2U EDT 150ML,150ML,EDT,"6,000 DZD","10,000 DZD","11,200 DZD","9,900 DZD","3,900 DZD",65.0%,⚡ SCALING / VOLUME (Low Margin Buffer)
SPICE BOMP,SPICE BOMP DARK LEATHER EDP 90ML,90ML,EDP,"18,400 DZD",N/A,"23,500 DZD","22,500 DZD","4,100 DZD",22.3%,⚡ SCALING / VOLUME (Low Margin Buffer)
MONT BLANC,MONT BLANC EXPLORER EDP 100ML,100ML,EDP,"10,500 DZD","15,500 DZD","15,500 DZD","14,500 DZD","4,000 DZD",38.1%,⚡ SCALING / VOLUME (Low Margin Buffer)
BOUCHERON,BOUCHERON SINGULIER EDP 100 ML,100ML,EDP,"8,600 DZD","12,000 DZD","13,500 DZD","12,500 DZD","3,900 DZD",45.3%,⚡ SCALING / VOLUME (Low Margin Buffer)
JOOP,JOOP HOMME EDT 125ML,125ML,EDT,"6,600 DZD","8,500 DZD","11,500 DZD","10,500 DZD","3,900 DZD",59.1%,⚡ SCALING / VOLUME (Low Margin Buffer)
ABSOLUS ALLEGORIA,ABSOLUS ALLEGORIA EPICES EXQUISES EDP 125ML,125ML,EDP,"21,800 DZD","26,000 DZD","26,500 DZD","25,500 DZD","3,700 DZD",17.0%,⚡ SCALING / VOLUME (Low Margin Buffer)
YVES SAINT LAURENT,YVES SAINT LAURENT KOUROS EDT 100ML,100ML,EDT,"13,800 DZD","16,900 DZD","18,500 DZD","17,500 DZD","3,700 DZD",26.8%,⚡ SCALING / VOLUME (Low Margin Buffer)
CAROLINA HERRERA,CAROLINA HERRERA CHIC HOMME EDT 100ML,100ML,EDT,"10,800 DZD","14,500 DZD","15,500 DZD","14,500 DZD","3,700 DZD",34.3%,⚡ SCALING / VOLUME (Low Margin Buffer)
LACOSTE,LACOSTE L.12.12 NOIR EDT 100ML,100ML,,"9,800 DZD","11,900 DZD","14,500 DZD","13,500 DZD","3,700 DZD",37.8%,⚡ SCALING / VOLUME (Low Margin Buffer)
DIOR,DIOR SAUVAGE EDT 100ML,100ML,EDT,"20,500 DZD","6,262 DZD","25,000 DZD","23,900 DZD","3,400 DZD",16.6%,⚡ SCALING / VOLUME (Low Margin Buffer)
L'INSTANT,L'INSTANT HOMME EDP 100ML,100ML,EDP,"15,400 DZD","16,500 DZD","19,900 DZD","18,900 DZD","3,500 DZD",22.7%,⚡ SCALING / VOLUME (Low Margin Buffer)
HERMES,HERMES H24 EDT 100ML,100ML,EDT,"12,800 DZD","6,262 DZD","17,200 DZD","16,500 DZD","3,700 DZD",28.9%,⚡ SCALING / VOLUME (Low Margin Buffer)
KENZO,KENZO INTENSE EDT 100ML,100ML,EDT,"12,500 DZD","24,000 DZD","16,800 DZD","15,900 DZD","3,400 DZD",27.2%,⚡ SCALING / VOLUME (Low Margin Buffer)
CHOPARD,CHOPARD OUD MALAKI EDP 80ML,80ML,EDP,"12,200 DZD",N/A,"16,500 DZD","15,500 DZD","3,300 DZD",27.0%,⚡ SCALING / VOLUME (Low Margin Buffer)
CK,CK ONE EDT 200ML,200ML,EDT,"8,200 DZD","11,500 DZD","12,500 DZD","11,500 DZD","3,300 DZD",40.2%,⚡ SCALING / VOLUME (Low Margin Buffer)
GUERLAIN,GUERLAIN L'HOMME IDEAL EXTREME EDP 100ML,100ML,EDP,"15,200 DZD",N/A,"19,500 DZD","18,500 DZD","3,300 DZD",21.7%,⚡ SCALING / VOLUME (Low Margin Buffer)
YVES SAINT LAURENT,YVES SAINT LAURENT Y EDT 100ML,100ML,EDT,"15,500 DZD","19,500 DZD","19,800 DZD","18,900 DZD","3,400 DZD",21.9%,⚡ SCALING / VOLUME (Low Margin Buffer)
AZZARO,AZZARO THE MOST WANTED EDT 100ML,100ML,EDT,"11,600 DZD",N/A,"15,900 DZD","14,900 DZD","3,300 DZD",28.4%,⚡ SCALING / VOLUME (Low Margin Buffer)
YVES SAINT LAURENT,YVES SAINT LAURENT MY SLF EDP 100ML,100ML,EDP,"20,800 DZD","6,262 DZD","25,000 DZD","24,500 DZD","3,700 DZD",17.8%,⚡ SCALING / VOLUME (Low Margin Buffer)
HABIT,HABIT ROUGE EDP 100ML,100ML,EDP,"15,800 DZD","6,262 DZD","19,900 DZD","19,500 DZD","3,700 DZD",23.4%,⚡ SCALING / VOLUME (Low Margin Buffer)
GUERLAIN,GUERLAIN L'HOMME IDEAL INTENSE EDP 100ML,100ML,EDP,"15,500 DZD",N/A,"19,500 DZD","18,900 DZD","3,400 DZD",21.9%,⚡ SCALING / VOLUME (Low Margin Buffer)
LAURA BIAGIOTTI,LAURA BIAGIOTTI ROMA UOMO EDT 125ML,125ML,EDT,"9,200 DZD",N/A,"13,200 DZD","12,500 DZD","3,300 DZD",35.9%,⚡ SCALING / VOLUME (Low Margin Buffer)
EMPORIO ARMANI,EMPORIO ARMANI STRONGER WITH YOU INTENSELY EDP 100ML,100ML,EDP,"18,600 DZD","22,000 DZD","22,500 DZD","21,900 DZD","3,300 DZD",17.7%,⚡ SCALING / VOLUME (Low Margin Buffer)
CHOPARD,CHOPARD BLACK INCENCE MALAKIE EDP 80ML,80ML,EDP,"12,800 DZD",N/A,"16,500 DZD","16,500 DZD","3,700 DZD",28.9%,⚡ SCALING / VOLUME (Low Margin Buffer)
HUGO BOSS,HUGO BOSS JUST DIFFRENT EDT 75ML,75ML,EDT,"6,400 DZD","6,262 DZD","9,500 DZD","10,900 DZD","4,500 DZD",70.3%,✅ GOOD META ADS POTENTIAL
SPICE BOMP,SPICE BOMP INFRARED EDP 90ML,90ML,EDP,"16,800 DZD","17,500 DZD","19,800 DZD","21,500 DZD","4,700 DZD",28.0%,✅ GOOD META ADS POTENTIAL
SPICE BOMP,SPICE BOMP EDT 90ML,90ML,EDT,"14,800 DZD",N/A,"17,500 DZD","19,500 DZD","4,700 DZD",31.8%,✅ GOOD META ADS POTENTIAL
YVES SAINT LAURENT,YVES SAINT LAURENT Y INTENSE EDP 100ML,100ML,EDP,"22,500 DZD","23,500 DZD","24,800 DZD","26,900 DZD","4,400 DZD",19.6%,⚡ SCALING / VOLUME (Low Margin Buffer)
