Brand,Perfume Title,Volume (ML),Concentration,Prix Gros (DZD),Min Retail Price (DZD),Min Price Store,Max Retail Price (DZD),Max Price Store,Average Retail Price (DZD),Stores Found Count,Briki Parfums Price,Smell Good DZ Price,Odorem DZ Price,Gallery Parfums Price,Shoppili DZ Price,Matched URLs
ABSOLUS ALLEGORIA,ABSOLUS ALLEGORIA EPICES EXQUISES EDP 125ML,125ML,EDP,"21,800 DZD","28,000 DZD",Smell Good DZ,"28,000 DZD",Smell Good DZ,"28,000 DZD",1,,"28,000 DZD",,,,Smell Good DZ: https://smellgood-dz.com/products/guerlain-epices-exquises-edp-125ml
ABSOLUS ALLEGORIA,ABSOLUS ALLEGORIA OUD ESSENTIEL EDP 125ML,125ML,EDP,"21,800 DZD","28,000 DZD",Smell Good DZ,"28,000 DZD",Smell Good DZ,"28,000 DZD",1,,"28,000 DZD",,,,Smell Good DZ: https://smellgood-dz.com/products/guerlain-oud-essentiel-edp-125ml
ABSOLUS ALLEGORIA,ABSOLUS ALLEGORIA SANTAL ROYAL 125ML,125ML,,"21,000 DZD","28,000 DZD",Smell Good DZ,"28,000 DZD",Smell Good DZ,"28,000 DZD",1,,"28,000 DZD",,,,Smell Good DZ: https://smellgood-dz.com/products/guerlain-santal-royal-edp-125ml
ANTONIO BANDERAS,ANTONIO BANDERAS BLUE SEDUCTION EDT 200ML,200ML,EDT,"5,400 DZD",N/A,N/A,N/A,N/A,N/A,0,,,,,,
AZZARO,AZZARO THE MOST WANTED EDP 100ML,100ML,EDP,"13,200 DZD","6,000 DZD",Smell Good DZ,"6,262 DZD",Briki Parfums,"6,131 DZD",2,"6,262 DZD","6,000 DZD",,,,Smell Good DZ: https://smellgood-dz.com/products/azzaro-the-most-wanted | Briki Parfums: https://briki-parfums.com/parfums-homme/coffret-azzaro-wanted-the-most/
AZZARO,AZZARO THE MOST WANTED EDT 100ML,100ML,EDT,"11,600 DZD","6,000 DZD",Smell Good DZ,"6,262 DZD",Briki Parfums,"6,131 DZD",2,"6,262 DZD","6,000 DZD",,,,Smell Good DZ: https://smellgood-dz.com/products/azzaro-the-most-wanted | Briki Parfums: https://briki-parfums.com/parfums-homme/coffret-azzaro-wanted-the-most/
AZZARO,AZZARO THE MOST WANTED PARFUM 100ML,100ML,PARFUM,"14,500 DZD","6,000 DZD",Smell Good DZ,"6,262 DZD",Briki Parfums,"6,131 DZD",2,"6,262 DZD","6,000 DZD",,,,Smell Good DZ: https://smellgood-dz.com/products/azzaro-the-most-wanted | Briki Parfums: https://briki-parfums.com/parfums-homme/coffret-azzaro-wanted-the-most/
AZZARO,AZZARO WANTED BY NIGHT EDP 100ML,100ML,EDP,"13,800 DZD","22,000 DZD",Smell Good DZ,"22,000 DZD",Smell Good DZ,"22,000 DZD",1,,"22,000 DZD",,,,Smell Good DZ: https://smellgood-dz.com/products/azzaro-wanted-by-night-edp-100ml
BOUCHERON,BOUCHERON SINGULIER EDP 100 ML,100ML,EDP,"8,600 DZD","6,262 DZD",Briki Parfums,"6,262 DZD",Briki Parfums,"6,262 DZD",1,"6,262 DZD",,,,,Briki Parfums: https://briki-parfums.com/parfums-homme/boucheron-singulier-coffret/
CAROLINA HERRERA,CAROLINA HERRERA CHIC HOMME EDT 100ML,100ML,EDT,"10,800 DZD","6,262 DZD",Briki Parfums,"16,000 DZD",Smell Good DZ,"11,131 DZD",2,"6,262 DZD","16,000 DZD",,,,Smell Good DZ: https://smellgood-dz.com/products/carolina-herrera-chic-for-men-edt-100ml | Briki Parfums: https://briki-parfums.com/parfums-femme/carolina-herrera-chic/
CHOPARD,CHOPARD BLACK INCENCE MALAKIE EDP 80ML,80ML,EDP,"12,800 DZD",N/A,N/A,N/A,N/A,N/A,0,,,,,,
CHOPARD,CHOPARD OUD MALAKI EDP 80ML,80ML,EDP,"12,200 DZD",N/A,N/A,N/A,N/A,N/A,0,,,,,,
CK,CK IN2U EDT 150ML,150ML,EDT,"6,000 DZD","8,000 DZD",Briki Parfums,"11,500 DZD",Smell Good DZ,"9,750 DZD",2,"8,000 DZD","11,500 DZD",,,,Smell Good DZ: https://smellgood-dz.com/products/calvin-klein-in2u-edt-150ml | Briki Parfums: https://briki-parfums.com/parfums-femme/calvin-klein-ck-in2u-2/
CK,CK ONE EDT 200ML,200ML,EDT,"8,200 DZD","5,000 DZD",Smell Good DZ,"6,262 DZD",Briki Parfums,"5,631 DZD",2,"6,262 DZD","5,000 DZD",,,,Smell Good DZ: https://smellgood-dz.com/products/calvin-klein-ck-one-2 | Briki Parfums: https://briki-parfums.com/parfums-femme/calvin-klein-ck-one-shock/
CLINIQUE HAPPY,CLINIQUE HAPPY COLOGNE FOR MEN EDT 100ML,100ML,EDT,"5,800 DZD","3,500 DZD",Smell Good DZ,"6,262 DZD",Briki Parfums,"4,881 DZD",2,"6,262 DZD","3,500 DZD",,,,Smell Good DZ: https://smellgood-dz.com/products/clinique-happy-for-men-deodorant-200ml | Briki Parfums: https://briki-parfums.com/parfums-homme/clinique-happy-2/
DIOR,DIOR COLOGNE HOMME EDC 200ML,200ML,EDC,"33,000 DZD",N/A,N/A,N/A,N/A,N/A,0,,,,,,
DIOR,DIOR HOMME INTENSE EDP 150ML,150ML,EDP,"31,000 DZD","6,262 DZD",Briki Parfums,"6,262 DZD",Briki Parfums,"6,262 DZD",1,"6,262 DZD",,,,,Briki Parfums: https://briki-parfums.com/parfums-homme/dior-dior-homme-intense/
DIOR,DIOR HOMME PARFUM 125ML,125ML,PARFUM,"35,000 DZD","6,262 DZD",Briki Parfums,"6,262 DZD",Briki Parfums,"6,262 DZD",1,"6,262 DZD",,,,,Briki Parfums: https://briki-parfums.com/parfums-homme/dior-homme-parfum/
DIOR,DIOR HOMME SPORT EDT 200ML,200ML,EDT,"33,000 DZD","6,262 DZD",Briki Parfums,"6,262 DZD",Briki Parfums,"6,262 DZD",1,"6,262 DZD",,,,,Briki Parfums: https://briki-parfums.com/parfums-homme/dior-dior-homme-sport/
DIOR,DIOR SAUVAGE EDT 100ML,100ML,EDT,"20,500 DZD","6,262 DZD",Briki Parfums,"25,000 DZD",Smell Good DZ,"15,631 DZD",2,"6,262 DZD","25,000 DZD",,,,Smell Good DZ: https://smellgood-dz.com/products/dior-eau-sauvage-edt-100ml | Briki Parfums: https://briki-parfums.com/new/dior-sauvage-eau-forte/
DIOR,DIOR SAUVAGE ELEXIR EDP 100ML,100ML,ELIXIR,"39,500 DZD","6,262 DZD",Briki Parfums,"6,262 DZD",Briki Parfums,"6,262 DZD",1,"6,262 DZD",,,,,Briki Parfums: https://briki-parfums.com/new/dior-sauvage-eau-forte/
DOLCE GABBANA,DOLCE GABBANA KING EDP 100 ML,100ML,EDP,"14,000 DZD","14,500 DZD",Smell Good DZ,"14,500 DZD",Smell Good DZ,"14,500 DZD",1,,"14,500 DZD",,,,Smell Good DZ: https://smellgood-dz.com/products/dolce-gabbana-pack-miniatures
EMPORIO ARMANI,EMPORIO ARMANI STRONGER WITH YOU INTENSELY EDP 100ML,100ML,EDP,"18,600 DZD","22,500 DZD",Smell Good DZ,"22,500 DZD",Smell Good DZ,"22,500 DZD",1,,"22,500 DZD",,,,Smell Good DZ: https://smellgood-dz.com/products/emporio-armani-stronger-with-you-intensely-1
EMPORIO ARMANI,EMPORIO ARMANI STRONGER WITH YOU POWERFULLY EDP 100ML,100ML,EDP,"20,200 DZD","28,500 DZD",Smell Good DZ,"28,500 DZD",Smell Good DZ,"28,500 DZD",1,,"28,500 DZD",,,,Smell Good DZ: https://smellgood-dz.com/products/emporio-armani-powerfully-edp-100ml
ENCENS,ENCENS MYTHIQUE EDP 125ML,125ML,EDP,"19,200 DZD","6,262 DZD",Briki Parfums,"28,000 DZD",Smell Good DZ,"17,131 DZD",2,"6,262 DZD","28,000 DZD",,,,Smell Good DZ: https://smellgood-dz.com/products/guerlain-encens-mythique-edp-125ml | Briki Parfums: https://briki-parfums.com/parfums-homme/guerlain-les-absolus-dorient-encens-mythique-125-ml/
GIVENCHY,GIVENCHY BLUE LABEL EDT 100ML,100ML,EDT,"11,500 DZD","15,500 DZD",Smell Good DZ,"15,500 DZD",Smell Good DZ,"15,500 DZD",1,,"15,500 DZD",,,,Smell Good DZ: https://smellgood-dz.com/products/givenchy-blue-label-edt-100ml-2024
GUERLAIN,GUERLAIN EPICES EXQUISES EDP 125ML,125ML,EDP,"19,200 DZD","6,262 DZD",Briki Parfums,"28,000 DZD",Smell Good DZ,"17,131 DZD",2,"6,262 DZD","28,000 DZD",,,,Smell Good DZ: https://smellgood-dz.com/products/guerlain-epices-exquises-edp-125ml | Briki Parfums: https://briki-parfums.com/parfums-homme/guerlain-les-absolus-dorient-epices-exquises-125-ml/
GUERLAIN,GUERLAIN L'HOMME IDEAL EXTREME EDP 100ML,100ML,EDP,"15,200 DZD",N/A,N/A,N/A,N/A,N/A,0,,,,,,
GUERLAIN,GUERLAIN L'HOMME IDEAL INTENSE EDP 100ML,100ML,EDP,"15,500 DZD",N/A,N/A,N/A,N/A,N/A,0,,,,,,
GUERLAIN,GUERLAIN PATCHOULI ARDEN EDP 125ML,125ML,EDP,"20,500 DZD","6,262 DZD",Briki Parfums,"28,000 DZD",Smell Good DZ,"17,131 DZD",2,"6,262 DZD","28,000 DZD",,,,Smell Good DZ: https://smellgood-dz.com/products/guerlain-patchouli-ardent-edp-125ml | Briki Parfums: https://briki-parfums.com/parfums-homme/les-absolus-dorient-patchouli-ardent/
HABIT,HABIT ROUGE EDP 100ML,100ML,EDP,"15,800 DZD","6,262 DZD",Briki Parfums,"6,262 DZD",Briki Parfums,"6,262 DZD",1,"6,262 DZD",,,,,Briki Parfums: https://briki-parfums.com/parfums-homme/coffret-guerlain-habit-rouge/
HERMES,HERMES H24 EDT 100ML,100ML,EDT,"12,800 DZD","6,262 DZD",Briki Parfums,"6,262 DZD",Briki Parfums,"6,262 DZD",1,"6,262 DZD",,,,,Briki Parfums: https://briki-parfums.com/new/hermes-h24-herbes-vives/
HUGO BOSS,HUGO BOSS BOSS BOTTLED NIGHT EDT 100ML,100ML,EDT,"8,800 DZD","15,000 DZD",Smell Good DZ,"15,000 DZD",Smell Good DZ,"15,000 DZD",1,,"15,000 DZD",,,,Smell Good DZ: https://smellgood-dz.com/products/hugo-boss-bottled-night-edt-100ml-200ml
HUGO BOSS,HUGO BOSS JUST DIFFRENT EDT 75ML,75ML,EDT,"6,400 DZD","6,262 DZD",Briki Parfums,"6,262 DZD",Briki Parfums,"6,262 DZD",1,"6,262 DZD",,,,,Briki Parfums: https://briki-parfums.com/parfums-homme/hugo-boss-just-different-2/
HUGO BOSS,HUGO BOSS SUPERMAN EDP 125ML,125ML,EDP,"9,500 DZD",N/A,N/A,N/A,N/A,N/A,0,,,,,,
HUGO BOSS,HUGO BOSS XY EDT 100ML,100ML,EDT,"7,200 DZD","15,000 DZD",Smell Good DZ,"15,000 DZD",Smell Good DZ,"15,000 DZD",1,,"15,000 DZD",,,,Smell Good DZ: https://smellgood-dz.com/products/hugo-boss-xy-edt-100ml
JEAN PAUL GAULTIER,JEAN PAUL GAULTIER LE MALE EDT 125ML,125ML,EDT,"16,200 DZD","5,000 DZD",Smell Good DZ,"6,262 DZD",Briki Parfums,"5,631 DZD",2,"6,262 DZD","5,000 DZD",,,,Smell Good DZ: https://smellgood-dz.com/products/jean-paul-gaultier-le-male | Briki Parfums: https://briki-parfums.com/new/jean-paul-gaultier-le-male-in-blue/
JEAN PAUL GAULTIER,JEAN PAUL GAULTIER SCANDALE PARFUM 150ML,150ML,PARFUM,"24,200 DZD","6,262 DZD",Briki Parfums,"6,262 DZD",Briki Parfums,"6,262 DZD",1,"6,262 DZD",,,,,Briki Parfums: https://briki-parfums.com/parfums-homme/jean-paul-gaultier-scandal-intense/
JOOP,JOOP HOMME EDT 125ML,125ML,EDT,"6,600 DZD","6,262 DZD",Briki Parfums,"6,262 DZD",Briki Parfums,"6,262 DZD",1,"6,262 DZD",,,,,Briki Parfums: https://briki-parfums.com/parfums-homme/joop-go-homme-gel-douche/
KENZO,KENZO INTENSE EDT 100ML,100ML,EDT,"12,500 DZD","24,000 DZD",Smell Good DZ,"24,000 DZD",Smell Good DZ,"24,000 DZD",1,,"24,000 DZD",,,,Smell Good DZ: https://smellgood-dz.com/products/kenzo-homme-intense
L'INSTANT,L'INSTANT HOMME EDP 100ML,100ML,EDP,"15,400 DZD","6,262 DZD",Briki Parfums,"21,500 DZD",Smell Good DZ,"13,881 DZD",2,"6,262 DZD","21,500 DZD",,,,Smell Good DZ: https://smellgood-dz.com/products/guerlain-linstant-de-guerlain-edp-100ml | Briki Parfums: https://briki-parfums.com/testeur-original/guerlain-linstant-de-guerlain-pour-homme-2/
LACOSTE,LACOSTE L.12.12 NOIR 100ML,100ML,,"9,800 DZD","6,262 DZD",Briki Parfums,"6,262 DZD",Briki Parfums,"6,262 DZD",1,"6,262 DZD",,,,,Briki Parfums: https://briki-parfums.com/parfums-homme/lacoste-eau-de-lacoste-l-12-12-noir-100-ml/
LAURA BIAGIOTTI,LAURA BIAGIOTTI ROMA UOMO EDT 125ML,125ML,EDT,"9,200 DZD",N/A,N/A,N/A,N/A,N/A,0,,,,,,
MONT BLANC,MONT BLANC EXPLORER EDP 100ML,100ML,EDP,"10,500 DZD","6,262 DZD",Briki Parfums,"15,000 DZD",Smell Good DZ,"10,631 DZD",2,"6,262 DZD","15,000 DZD",,,,Smell Good DZ: https://smellgood-dz.com/products/mont-blanc-explorer-ultra-blue-edp-100ml | Briki Parfums: https://briki-parfums.com/parfums-homme/mont-blanc-explorer-platinium-coffret/
PRADA,PRADA PARADIGME EDP 100ML,100ML,EDP,"22,200 DZD","28,000 DZD",Smell Good DZ,"28,000 DZD",Smell Good DZ,"28,000 DZD",1,,"28,000 DZD",,,,Smell Good DZ: https://smellgood-dz.com/products/prada-paradigme-edp-100ml
SPICE BOMP,SPICE BOMP DARK LEATHER EDP 90ML,90ML,EDP,"18,400 DZD",N/A,N/A,N/A,N/A,N/A,0,,,,,,
SPICE BOMP,SPICE BOMP EDT 90ML,90ML,EDT,"14,800 DZD",N/A,N/A,N/A,N/A,N/A,0,,,,,,
SPICE BOMP,SPICE BOMP INFRARED EDP 90ML,90ML,EDP,"16,800 DZD",N/A,N/A,N/A,N/A,N/A,0,,,,,,
YVES SAINT LAURENT,YVES SAINT LAURENT KOUROS EDT 100ML,100ML,EDT,"13,800 DZD","6,262 DZD",Briki Parfums,"20,000 DZD",Smell Good DZ,"13,131 DZD",2,"6,262 DZD","20,000 DZD",,,,Smell Good DZ: https://smellgood-dz.com/products/yves-saint-laurent-kouros-edt-100ml | Briki Parfums: https://briki-parfums.com/parfums-homme/yves-saint-laurent-kouros-body/
YVES SAINT LAURENT,YVES SAINT LAURENT L'HOMME EDT 100ML,100ML,EDT,"15,800 DZD","6,262 DZD",Briki Parfums,"18,000 DZD",Smell Good DZ,"12,131 DZD",2,"6,262 DZD","18,000 DZD",,,,Smell Good DZ: https://smellgood-dz.com/products/yves-saint-laurent-lhomme-sport-edt-100ml | Briki Parfums: https://briki-parfums.com/coffrets/coffret-yves-saint-laurent-lhomme/
YVES SAINT LAURENT,YVES SAINT LAURENT LA NUIT DE L'HOMME EDT 100ML,100ML,EDT,"15,800 DZD","6,262 DZD",Briki Parfums,"22,000 DZD",Smell Good DZ,"14,131 DZD",2,"6,262 DZD","22,000 DZD",,,,Smell Good DZ: https://smellgood-dz.com/products/yves-saint-laurent-la-nuit-de-lhomme-bleu-electrique-100ml | Briki Parfums: https://briki-parfums.com/coffrets/coffrets-hommes/yves-saint-laurent-coffret-la-nuit-de-lhomme/
YVES SAINT LAURENT,YVES SAINT LAURENT MY SLF EDP 100ML,100ML,EDP,"20,800 DZD","6,262 DZD",Briki Parfums,"6,262 DZD",Briki Parfums,"6,262 DZD",1,"6,262 DZD",,,,,Briki Parfums: https://briki-parfums.com/new/yves-saint-laurent-myslf-intense/
YVES SAINT LAURENT,YVES SAINT LAURENT Y EDT 100ML,100ML,EDT,"15,500 DZD","6,262 DZD",Briki Parfums,"7,000 DZD",Smell Good DZ,"6,631 DZD",2,"6,262 DZD","7,000 DZD",,,,Smell Good DZ: https://smellgood-dz.com/products/yves-saint-laurent-y-3 | Briki Parfums: https://briki-parfums.com/miniature/yves-saint-laurent-y-5/
YVES SAINT LAURENT,YVES SAINT LAURENT Y INTENSE EDP 100ML,100ML,EDP,"22,500 DZD","6,262 DZD",Briki Parfums,"22,000 DZD",Smell Good DZ,"14,131 DZD",2,"6,262 DZD","22,000 DZD",,,,Smell Good DZ: https://smellgood-dz.com/products/yves-saint-laurent-lhomme-lintense-edp-100ml | Briki Parfums: https://briki-parfums.com/new/yves-saint-laurent-myslf-intense/